frame,t,view,shoulder,hip,knee,foot_pitch,ankle
1,0.03333434466019417,BACK,,,,,
2,0.06666868932038834,BACK,,,,,
3,0.10000303398058252,BACK,,,,,
4,0.1333373786407767,BACK,,,,,
5,0.16667172330097088,BACK,,,,,
6,0.20000606796116505,BACK,,,,,
7,0.2333404126213592,BACK,,,,,
8,0.2666747572815534,BACK,,,,,
9,0.30000910194174757,BACK,,,,,
10,0.33334344660194176,BACK,,,,,
11,0.3666777912621359,BACK,,,,,
12,0.4000121359223301,BACK,,,,,
13,0.4333464805825243,BACK,,,,,
14,0.4666808252427184,BACK,,,,,
15,0.5000151699029126,BACK,,,,,
16,0.5333495145631068,BACK,,,,,
17,0.566683859223301,BACK,,,,,
18,0.6000182038834951,BACK,,,,,
19,0.6333525485436893,BACK,,,,,
20,0.6666868932038835,BACK,,,,,
21,0.7000212378640777,BACK,,,,,
22,0.7333555825242718,BACK,,,,,
23,0.766689927184466,BACK,,,,,
24,0.8000242718446602,RIGHT,17.28583783251492,11.35201396331206,16.192790868270578,14.620874520841785,-3.564461950711177
25,0.8333586165048543,RIGHT,13.811555288313349,11.085244294403282,17.55654743505795,14.444035724492231,-3.002991855724602
26,0.8666929611650486,RIGHT,8.255397517332351,12.924855176713379,18.789450856608,14.981632572390918,-3.4064437549944984
27,0.9000273058252427,RIGHT,1.3599233772953283,16.381121456462836,21.147696278111766,14.400021306791055,-2.958977438023439
28,0.9333616504854368,RIGHT,2.873438397470599,18.596287481046545,22.85424853812458,12.680383941158523,-0.9910151820023145
29,0.9666959951456311,RIGHT,9.402625307254722,19.111695846410527,22.896979463163433,14.349332042947134,-3.652821307168807
30,1.0000303398058252,RIGHT,15.06568054558337,18.462210888838143,23.790229549314148,9.544525565558134,2.2891197406024304
31,1.0333646844660194,RIGHT,15.561029418752533,16.92374687357946,21.930681170953477,6.182930310578105,5.705727456757316
32,1.0666990291262135,RIGHT,22.82835987955487,10.080276740036169,15.48049669825997,6.940983428742579,3.1836882266550504
33,1.1000333737864079,RIGHT,28.817329600647383,4.147940308804181,13.446459998652472,7.740341158837922,4.069541798190073
34,1.133367718446602,RIGHT,30.664707306122118,1.8272449510927515,11.478036968234704,7.386043151267269,4.670719382565068
35,1.1667020631067961,RIGHT,32.17121712854999,3.9571178781027356,16.2527635599794,12.39540683375846,3.266699511567353
36,1.2000364077669903,RIGHT,31.66864521037177,0.46013627162844273,15.037479927743192,15.255118012214057,1.6500408436058365
37,1.2333707524271844,RIGHT,34.044634937330656,2.481113729376773,13.963462745180038,16.220194348315726,1.2755628310958684
38,1.2667050970873786,RIGHT,32.97498919470961,3.236154626654127,12.202222095910798,29.427456403189737,-12.677191898162008
39,1.300039441747573,RIGHT,33.80141946995267,5.326711859744535,9.575810804863153,67.16634532634153,-51.81620848005335
40,1.333373786407767,RIGHT,33.80141757632007,6.677401860622098,5.403791116031755,46.46880208955678,-58.99760921549171
41,1.3667081310679612,FRONT,,,,,
42,1.4000424757281553,FRONT,,,,,
43,1.4333768203883495,FRONT,,,,,
44,1.4667111650485436,FRONT,,,,,
45,1.500045509708738,FRONT,,,,,
46,1.533379854368932,FRONT,,,,,
47,1.5667141990291262,FRONT,,,,,
48,1.6000485436893204,FRONT,,,,,
49,1.6333828883495145,FRONT,,,,,
50,1.6667172330097086,FRONT,,,,,
51,1.700051577669903,FRONT,,,,,
52,1.7333859223300971,FRONT,,,,,
53,1.7667202669902913,FRONT,,,,,
54,1.8000546116504854,FRONT,,,,,
55,1.8333889563106796,FRONT,,,,,
56,1.8667233009708737,FRONT,,,,,
57,1.900057645631068,FRONT,,,,,
58,1.9333919902912622,FRONT,,,,,
59,1.9667263349514563,FRONT,,,,,
60,2.0000606796116505,FRONT,,,,,
61,2.0333950242718446,FRONT,,,,,
62,2.0667293689320387,FRONT,,,,,
63,2.100063713592233,FRONT,,,,,
64,2.133398058252427,FRONT,,,,,
65,2.166732402912621,FRONT,,,,,
66,2.2000667475728157,FRONT,,,,,
67,2.23340109223301,FRONT,,,,,
68,2.266735436893204,FRONT,,,,,
69,2.300069781553398,FRONT,,,,,
70,2.3334041262135923,FRONT,,,,,
71,2.3667384708737864,FRONT,,,,,
72,2.4000728155339806,FRONT,,,,,
73,2.4334071601941747,FRONT,,,,,
74,2.466741504854369,FRONT,,,,,
75,2.500075849514563,FRONT,,,,,
76,2.533410194174757,FRONT,,,,,
77,2.5667445388349512,FRONT,,,,,
78,2.600078883495146,FRONT,,,,,
79,2.63341322815534,FRONT,,,,,
80,2.666747572815534,FRONT,,,,,
81,2.7000819174757282,FRONT,,,,,
82,2.7334162621359224,FRONT,,,,,
83,2.7667506067961165,FRONT,,,,,
84,2.8000849514563106,FRONT,,,,,
85,2.833419296116505,FRONT,,,,,
86,2.866753640776699,FRONT,,,,,
87,2.900087985436893,FRONT,,,,,
88,2.933422330097087,FRONT,,,,,
89,2.9667566747572813,FRONT,,,,,
90,3.000091019417476,FRONT,,,,,
91,3.03342536407767,FRONT,,,,,
92,3.066759708737864,FRONT,,,,,
93,3.1000940533980583,FRONT,,,,,
94,3.1334283980582525,FRONT,,,,,
95,3.1667627427184466,FRONT,,,,,
96,3.2000970873786407,FRONT,,,,,
97,3.233431432038835,FRONT,,,,,
98,3.266765776699029,FRONT,,,,,
99,3.300100121359223,FRONT,,,,,
100,3.3334344660194173,FRONT,,,,,
101,3.3667688106796114,FRONT,,,,,
102,3.400103155339806,FRONT,,,,,
103,3.4334375,FRONT,,,,,
104,3.4667718446601943,FRONT,,,,,
105,3.5001061893203884,FRONT,,,,,
106,3.5334405339805826,FRONT,,,,,
107,3.5667748786407767,FRONT,,,,,
108,3.600109223300971,FRONT,,,,,
109,3.633443567961165,FRONT,,,,,
110,3.666777912621359,FRONT,,,,,
111,3.7001122572815532,FRONT,,,,,
112,3.7334466019417474,FRONT,,,,,
113,3.7667809466019415,FRONT,,,,,
114,3.800115291262136,FRONT,,,,,
115,3.8334496359223302,FRONT,,,,,
116,3.8667839805825244,FRONT,,,,,
117,3.9001183252427185,FRONT,,,,,
118,3.9334526699029126,FRONT,,,,,
119,3.966787014563107,FRONT,,,,,
120,4.000121359223301,FRONT,,,,,
121,4.0334557038834955,FRONT,,,,,
122,4.066790048543689,FRONT,,,,,
123,4.100124393203884,FRONT,,,,,
124,4.1334587378640775,FRONT,,,,,
125,4.166793082524272,FRONT,,,,,
126,4.200127427184466,FRONT,,,,,
127,4.23346177184466,FRONT,,,,,
128,4.266796116504854,FRONT,,,,,
129,4.300130461165049,FRONT,,,,,
130,4.333464805825242,FRONT,,,,,
131,4.366799150485437,FRONT,,,,,
132,4.4001334951456315,FRONT,,,,,
133,4.433467839805825,FRONT,,,,,
134,4.46680218446602,FRONT,,,,,
135,4.500136529126213,FRONT,,,,,
136,4.533470873786408,FRONT,,,,,
137,4.566805218446602,FRONT,,,,,
138,4.600139563106796,FRONT,,,,,
139,4.63347390776699,FRONT,,,,,
140,4.6668082524271846,FRONT,,,,,
141,4.700142597087378,FRONT,,,,,
142,4.733476941747573,FRONT,,,,,
143,4.7668112864077665,FRONT,,,,,
144,4.800145631067961,FRONT,,,,,
145,4.833479975728156,FRONT,,,,,
146,4.866814320388349,FRONT,,,,,
147,4.900148665048544,FRONT,,,,,
148,4.933483009708738,FRONT,,,,,
149,4.966817354368932,FRONT,,,,,
150,5.000151699029126,FRONT,,,,,
151,5.0334860436893205,FRONT,,,,,
152,5.066820388349514,FRONT,,,,,
153,5.100154733009709,FRONT,,,,,
154,5.1334890776699025,FRONT,,,,,
155,5.166823422330097,FRONT,,,,,
156,5.200157766990292,FRONT,,,,,
157,5.233492111650485,FRONT,,,,,
158,5.26682645631068,FRONT,,,,,
159,5.300160800970874,FRONT,,,,,
160,5.333495145631068,FRONT,,,,,
161,5.366829490291262,FRONT,,,,,
162,5.4001638349514565,FRONT,,,,,
163,5.43349817961165,FRONT,,,,,
164,5.466832524271845,FRONT,,,,,
165,5.500166868932038,FRONT,,,,,
166,5.533501213592233,FRONT,,,,,
167,5.566835558252427,FRONT,,,,,
168,5.600169902912621,FRONT,,,,,
169,5.633504247572816,FRONT,,,,,
170,5.66683859223301,FRONT,,,,,
171,5.700172936893204,FRONT,,,,,
172,5.733507281553398,FRONT,,,,,
173,5.766841626213592,FRONT,,,,,
174,5.800175970873786,FRONT,,,,,
175,5.833510315533981,FRONT,,,,,
176,5.866844660194174,FRONT,,,,,
177,5.900179004854369,FRONT,,,,,
178,5.933513349514563,FRONT,,,,,
179,5.966847694174757,FRONT,,,,,
180,6.000182038834952,FRONT,,,,,
181,6.0335163834951455,FRONT,,,,,
182,6.06685072815534,FRONT,,,,,
183,6.100185072815534,FRONT,,,,,
184,6.133519417475728,FRONT,,,,,
185,6.166853762135922,FRONT,,,,,
186,6.200188106796117,FRONT,,,,,
187,6.23352245145631,FRONT,,,,,
188,6.266856796116505,FRONT,,,,,
189,6.300191140776699,FRONT,,,,,
190,6.333525485436893,FRONT,,,,,
191,6.366859830097087,FRONT,,,,,
192,6.4001941747572815,FRONT,,,,,
193,6.433528519417476,FRONT,,,,,
194,6.46686286407767,FRONT,,,,,
195,6.500197208737864,FRONT,,,,,
196,6.533531553398058,FRONT,,,,,
197,6.566865898058253,FRONT,,,,,
198,6.600200242718446,FRONT,,,,,
199,6.633534587378641,FRONT,,,,,
200,6.666868932038835,FRONT,,,,,
201,6.700203276699029,FRONT,,,,,
202,6.733537621359223,FRONT,,,,,
203,6.766871966019417,FRONT,,,,,
204,6.800206310679612,FRONT,,,,,
205,6.833540655339806,FRONT,,,,,
206,6.866875,FRONT,,,,,
207,6.900209344660194,FRONT,,,,,
208,6.933543689320389,FRONT,,,,,
209,6.966878033980582,FRONT,,,,,
210,7.000212378640777,FRONT,,,,,
211,7.0335467233009705,FRONT,,,,,
212,7.066881067961165,FRONT,,,,,
213,7.100215412621359,FRONT,,,,,
214,7.133549757281553,FRONT,,,,,
215,7.166884101941747,FRONT,,,,,
216,7.200218446601942,FRONT,,,,,
217,7.233552791262136,FRONT,,,,,
218,7.26688713592233,FRONT,,,,,
219,7.3002214805825245,FRONT,,,,,
220,7.333555825242718,FRONT,,,,,
221,7.366890169902913,FRONT,,,,,
222,7.4002245145631065,FRONT,,,,,
223,7.433558859223301,FRONT,,,,,
224,7.466893203883495,FRONT,,,,,
225,7.500227548543689,FRONT,,,,,
226,7.533561893203883,FRONT,,,,,
227,7.566896237864078,FRONT,,,,,
228,7.600230582524272,FRONT,,,,,
229,7.633564927184466,FRONT,,,,,
230,7.6668992718446605,FRONT,,,,,
231,7.700233616504854,FRONT,,,,,
232,7.733567961165049,FRONT,,,,,
233,7.766902305825242,FRONT,,,,,
234,7.800236650485437,FRONT,,,,,
235,7.833570995145631,FRONT,,,,,
236,7.866905339805825,FRONT,,,,,
237,7.900239684466019,FRONT,,,,,
238,7.933574029126214,FRONT,,,,,
239,7.966908373786407,FRONT,,,,,
240,8.000242718446602,FRONT,,,,,
241,8.033577063106796,FRONT,,,,,
242,8.066911407766991,FRONT,,,,,
243,8.100245752427185,FRONT,,,,,
244,8.133580097087378,FRONT,,,,,
245,8.166914441747572,FRONT,,,,,
246,8.200248786407768,FRONT,,,,,
247,8.233583131067961,FRONT,,,,,
248,8.266917475728155,FRONT,,,,,
249,8.300251820388349,FRONT,,,,,
250,8.333586165048544,FRONT,,,,,
251,8.366920509708738,FRONT,,,,,
252,8.400254854368931,FRONT,,,,,
253,8.433589199029127,FRONT,,,,,
254,8.46692354368932,FRONT,,,,,
255,8.500257888349514,FRONT,,,,,
256,8.533592233009708,FRONT,,,,,
257,8.566926577669904,FRONT,,,,,
258,8.600260922330097,FRONT,,,,,
259,8.633595266990291,FRONT,,,,,
260,8.666929611650485,FRONT,,,,,
261,8.70026395631068,FRONT,,,,,
262,8.733598300970874,FRONT,,,,,
263,8.766932645631067,FRONT,,,,,
264,8.800266990291263,FRONT,,,,,
265,8.833601334951457,FRONT,,,,,
266,8.86693567961165,FRONT,,,,,
267,8.900270024271844,FRONT,,,,,
268,8.93360436893204,FRONT,,,,,
269,8.966938713592233,FRONT,,,,,
270,9.000273058252427,FRONT,,,,,
271,9.03360740291262,FRONT,,,,,
272,9.066941747572816,FRONT,,,,,
273,9.10027609223301,FRONT,,,,,
274,9.133610436893203,FRONT,,,,,
275,9.166944781553397,FRONT,,,,,
276,9.200279126213593,FRONT,,,,,
277,9.233613470873786,FRONT,,,,,
278,9.26694781553398,FRONT,,,,,
279,9.300282160194175,FRONT,,,,,
280,9.333616504854369,FRONT,,,,,
281,9.366950849514563,FRONT,,,,,
282,9.400285194174756,FRONT,,,,,
283,9.433619538834952,FRONT,,,,,
284,9.466953883495146,FRONT,,,,,
285,9.50028822815534,FRONT,,,,,
286,9.533622572815533,FRONT,,,,,
287,9.566956917475729,FRONT,,,,,
288,9.600291262135922,FRONT,,,,,
289,9.633625606796116,FRONT,,,,,
290,9.666959951456311,FRONT,,,,,
291,9.700294296116505,FRONT,,,,,
292,9.733628640776699,FRONT,,,,,
293,9.766962985436892,FRONT,,,,,
294,9.800297330097088,FRONT,,,,,
295,9.833631674757282,FRONT,,,,,
296,9.866966019417475,FRONT,,,,,
297,9.900300364077669,FRONT,,,,,
298,9.933634708737864,FRONT,,,,,
299,9.966969053398058,FRONT,,,,,
300,10.000303398058252,FRONT,,,,,
301,10.033637742718447,FRONT,,,,,
302,10.066972087378641,FRONT,,,,,
303,10.100306432038835,FRONT,,,,,
304,10.133640776699028,FRONT,,,,,
305,10.166975121359224,FRONT,,,,,
306,10.200309466019418,FRONT,,,,,
307,10.233643810679611,FRONT,,,,,
308,10.266978155339805,FRONT,,,,,
309,10.3003125,FRONT,,,,,
310,10.333646844660194,FRONT,,,,,
311,10.366981189320388,FRONT,,,,,
312,10.400315533980583,FRONT,,,,,
313,10.433649878640777,FRONT,,,,,
314,10.46698422330097,FRONT,,,,,
315,10.500318567961164,FRONT,,,,,
316,10.53365291262136,FRONT,,,,,
317,10.566987257281554,FRONT,,,,,
318,10.600321601941747,FRONT,,,,,
319,10.633655946601941,FRONT,,,,,
320,10.666990291262136,FRONT,,,,,
321,10.70032463592233,FRONT,,,,,
322,10.733658980582524,FRONT,,,,,
323,10.766993325242717,FRONT,,,,,
324,10.800327669902913,FRONT,,,,,
325,10.833662014563107,FRONT,,,,,
326,10.8669963592233,FRONT,,,,,
327,10.900330703883496,FRONT,,,,,
328,10.93366504854369,FRONT,,,,,
329,10.966999393203883,FRONT,,,,,
330,11.000333737864077,FRONT,,,,,
331,11.033668082524272,FRONT,,,,,
332,11.067002427184466,FRONT,,,,,
333,11.10033677184466,FRONT,,,,,
334,11.133671116504853,FRONT,,,,,
335,11.167005461165049,FRONT,,,,,
336,11.200339805825243,FRONT,,,,,
337,11.233674150485436,FRONT,,,,,
338,11.267008495145632,FRONT,,,,,
339,11.300342839805825,FRONT,,,,,
340,11.33367718446602,FRONT,,,,,
341,11.367011529126213,FRONT,,,,,
342,11.400345873786408,FRONT,,,,,
343,11.433680218446602,FRONT,,,,,
344,11.467014563106796,FRONT,,,,,
345,11.50034890776699,FRONT,,,,,
346,11.533683252427185,FRONT,,,,,
347,11.567017597087379,FRONT,,,,,
348,11.600351941747572,FRONT,,,,,
349,11.633686286407768,FRONT,,,,,
350,11.667020631067961,FRONT,,,,,
351,11.700354975728155,FRONT,,,,,
352,11.733689320388349,FRONT,,,,,
353,11.767023665048544,FRONT,,,,,
354,11.800358009708738,FRONT,,,,,
355,11.833692354368932,FRONT,,,,,
356,11.867026699029125,FRONT,,,,,
357,11.90036104368932,FRONT,,,,,
358,11.933695388349514,FRONT,,,,,
359,11.967029733009708,FRONT,,,,,
360,12.000364077669904,FRONT,,,,,
361,12.033698422330097,FRONT,,,,,
362,12.067032766990291,FRONT,,,,,
363,12.100367111650485,FRONT,,,,,
364,12.13370145631068,FRONT,,,,,
365,12.167035800970874,FRONT,,,,,
366,12.200370145631068,FRONT,,,,,
367,12.233704490291261,FRONT,,,,,
368,12.267038834951457,FRONT,,,,,
369,12.30037317961165,FRONT,,,,,
370,12.333707524271844,FRONT,,,,,
371,12.367041868932038,FRONT,,,,,
372,12.400376213592233,FRONT,,,,,
373,12.433710558252427,FRONT,,,,,
374,12.46704490291262,FRONT,,,,,
375,12.500379247572816,FRONT,,,,,
376,12.53371359223301,FRONT,,,,,
377,12.567047936893204,FRONT,,,,,
378,12.600382281553397,FRONT,,,,,
379,12.633716626213593,FRONT,,,,,
380,12.667050970873786,FRONT,,,,,
381,12.70038531553398,FRONT,,,,,
382,12.733719660194174,FRONT,,,,,
383,12.76705400485437,FRONT,,,,,
384,12.800388349514563,FRONT,,,,,
385,12.833722694174757,FRONT,,,,,
386,12.867057038834952,FRONT,,,,,
387,12.900391383495146,FRONT,,,,,
388,12.93372572815534,FRONT,,,,,
389,12.967060072815533,FRONT,,,,,
390,13.000394417475729,FRONT,,,,,
391,13.033728762135922,FRONT,,,,,
392,13.067063106796116,FRONT,,,,,
393,13.10039745145631,FRONT,,,,,
394,13.133731796116505,FRONT,,,,,
395,13.167066140776699,FRONT,,,,,
396,13.200400485436893,FRONT,,,,,
397,13.233734830097088,FRONT,,,,,
398,13.267069174757282,FRONT,,,,,
399,13.300403519417475,FRONT,,,,,
400,13.33373786407767,FRONT,,,,,
401,13.367072208737865,FRONT,,,,,
402,13.400406553398058,FRONT,,,,,
403,13.433740898058252,FRONT,,,,,
404,13.467075242718446,FRONT,,,,,
405,13.500409587378641,FRONT,,,,,
406,13.533743932038835,FRONT,,,,,
407,13.567078276699029,FRONT,,,,,
408,13.600412621359224,FRONT,,,,,
409,13.633746966019418,FRONT,,,,,
410,13.667081310679611,FRONT,,,,,
411,13.700415655339805,FRONT,,,,,
412,13.73375,FRONT,,,,,
413,13.767084344660194,FRONT,,,,,
414,13.800418689320388,FRONT,,,,,
415,13.833753033980582,FRONT,,,,,
416,13.867087378640777,FRONT,,,,,
417,13.90042172330097,FRONT,,,,,
418,13.933756067961165,FRONT,,,,,
419,13.967090412621358,FRONT,,,,,
420,14.000424757281554,FRONT,,,,,
421,14.033759101941747,FRONT,,,,,
422,14.067093446601941,FRONT,,,,,
423,14.100427791262137,FRONT,,,,,
424,14.13376213592233,FRONT,,,,,
425,14.167096480582524,FRONT,,,,,
426,14.200430825242718,FRONT,,,,,
427,14.233765169902913,FRONT,,,,,
428,14.267099514563107,FRONT,,,,,
429,14.3004338592233,FRONT,,,,,
430,14.333768203883494,FRONT,,,,,
431,14.36710254854369,FRONT,,,,,
432,14.400436893203883,FRONT,,,,,
433,14.433771237864077,FRONT,,,,,
434,14.467105582524272,FRONT,,,,,
435,14.500439927184466,FRONT,,,,,
436,14.53377427184466,FRONT,,,,,
437,14.567108616504854,FRONT,,,,,
438,14.600442961165049,FRONT,,,,,
439,14.633777305825243,FRONT,,,,,
440,14.667111650485436,FRONT,,,,,
441,14.70044599514563,FRONT,,,,,
442,14.733780339805826,FRONT,,,,,
443,14.76711468446602,FRONT,,,,,
444,14.800449029126213,FRONT,,,,,
445,14.833783373786408,FRONT,,,,,
446,14.867117718446602,FRONT,,,,,
447,14.900452063106796,FRONT,,,,,
448,14.93378640776699,FRONT,,,,,
449,14.967120752427185,FRONT,,,,,
450,15.000455097087379,FRONT,,,,,
451,15.033789441747572,FRONT,,,,,
452,15.067123786407766,FRONT,,,,,
453,15.100458131067962,FRONT,,,,,
454,15.133792475728155,FRONT,,,,,
455,15.167126820388349,FRONT,,,,,
456,15.200461165048544,FRONT,,,,,
457,15.233795509708738,FRONT,,,,,
458,15.267129854368932,FRONT,,,,,
459,15.300464199029125,FRONT,,,,,
460,15.333798543689321,FRONT,,,,,
461,15.367132888349515,FRONT,,,,,
462,15.400467233009708,FRONT,,,,,
463,15.433801577669902,FRONT,,,,,
464,15.467135922330097,FRONT,,,,,
465,15.500470266990291,FRONT,,,,,
466,15.533804611650485,FRONT,,,,,
467,15.567138956310679,FRONT,,,,,
468,15.600473300970874,FRONT,,,,,
469,15.633807645631068,FRONT,,,,,
470,15.667141990291261,FRONT,,,,,
471,15.700476334951457,FRONT,,,,,
472,15.73381067961165,FRONT,,,,,
473,15.767145024271844,FRONT,,,,,
474,15.800479368932038,FRONT,,,,,
475,15.833813713592233,FRONT,,,,,
476,15.867148058252427,FRONT,,,,,
477,15.90048240291262,FRONT,,,,,
478,15.933816747572815,FRONT,,,,,
479,15.96715109223301,FRONT,,,,,
480,16.000485436893204,FRONT,,,,,
481,16.033819781553397,FRONT,,,,,
482,16.06715412621359,FRONT,,,,,
483,16.100488470873785,FRONT,,,,,
484,16.133822815533982,FRONT,,,,,
485,16.167157160194176,FRONT,,,,,
486,16.20049150485437,FRONT,,,,,
487,16.233825849514563,FRONT,,,,,
488,16.267160194174757,FRONT,,,,,
489,16.30049453883495,FRONT,,,,,
490,16.333828883495144,FRONT,,,,,
491,16.36716322815534,FRONT,,,,,
492,16.400497572815535,FRONT,,,,,
493,16.43383191747573,FRONT,,,,,
494,16.467166262135922,FRONT,,,,,
495,16.500500606796116,FRONT,,,,,
496,16.53383495145631,FRONT,,,,,
497,16.567169296116504,FRONT,,,,,
498,16.600503640776697,FRONT,,,,,
499,16.633837985436895,FRONT,,,,,
500,16.667172330097088,FRONT,,,,,
501,16.700506674757282,FRONT,,,,,
502,16.733841019417476,FRONT,,,,,
503,16.76717536407767,FRONT,,,,,
504,16.800509708737863,FRONT,,,,,
505,16.833844053398057,FRONT,,,,,
506,16.867178398058254,FRONT,,,,,
507,16.900512742718448,FRONT,,,,,
508,16.93384708737864,FRONT,,,,,
509,16.967181432038835,FRONT,,,,,
510,17.00051577669903,FRONT,,,,,
511,17.033850121359222,FRONT,,,,,
512,17.067184466019416,FRONT,,,,,
513,17.10051881067961,FRONT,,,,,
514,17.133853155339807,FRONT,,,,,
515,17.1671875,FRONT,,,,,
516,17.200521844660194,FRONT,,,,,
517,17.233856189320388,FRONT,,,,,
518,17.267190533980582,FRONT,,,,,
519,17.300524878640775,FRONT,,,,,
520,17.33385922330097,FRONT,,,,,
521,17.367193567961166,FRONT,,,,,
522,17.40052791262136,FRONT,,,,,
523,17.433862257281554,FRONT,,,,,
524,17.467196601941748,FRONT,,,,,
525,17.50053094660194,FRONT,,,,,
526,17.533865291262135,FRONT,,,,,
527,17.56719963592233,FRONT,,,,,
528,17.600533980582526,FRONT,,,,,
529,17.63386832524272,FRONT,,,,,
530,17.667202669902913,FRONT,,,,,
531,17.700537014563107,FRONT,,,,,
532,17.7338713592233,FRONT,,,,,
533,17.767205703883494,FRONT,,,,,
534,17.800540048543688,FRONT,,,,,
535,17.83387439320388,FRONT,,,,,
536,17.86720873786408,FRONT,,,,,
537,17.900543082524273,FRONT,,,,,
538,17.933877427184466,FRONT,,,,,
539,17.96721177184466,FRONT,,,,,
540,18.000546116504854,FRONT,,,,,
541,18.033880461165047,FRONT,,,,,
542,18.06721480582524,FRONT,,,,,
543,18.10054915048544,FRONT,,,,,
544,18.133883495145632,FRONT,,,,,
545,18.167217839805826,FRONT,,,,,
546,18.20055218446602,FRONT,,,,,
547,18.233886529126213,FRONT,,,,,
548,18.267220873786407,FRONT,,,,,
549,18.3005552184466,FRONT,,,,,
550,18.333889563106794,FRONT,,,,,
551,18.36722390776699,FRONT,,,,,
552,18.400558252427185,FRONT,,,,,
553,18.43389259708738,FRONT,,,,,
554,18.467226941747573,FRONT,,,,,
555,18.500561286407766,FRONT,,,,,
556,18.53389563106796,FRONT,,,,,
557,18.567229975728154,FRONT,,,,,
558,18.60056432038835,FRONT,,,,,
559,18.633898665048545,FRONT,,,,,
560,18.667233009708738,FRONT,,,,,
561,18.700567354368932,FRONT,,,,,
562,18.733901699029126,FRONT,,,,,
563,18.76723604368932,FRONT,,,,,
564,18.800570388349513,FRONT,,,,,
565,18.83390473300971,FRONT,,,,,
566,18.867239077669904,FRONT,,,,,
567,18.900573422330098,FRONT,,,,,
568,18.93390776699029,FRONT,,,,,
569,18.967242111650485,FRONT,,,,,
570,19.00057645631068,FRONT,,,,,
571,19.033910800970872,FRONT,,,,,
572,19.067245145631066,FRONT,,,,,
573,19.100579490291263,FRONT,,,,,
574,19.133913834951457,FRONT,,,,,
575,19.16724817961165,FRONT,,,,,
576,19.200582524271844,FRONT,,,,,
577,19.233916868932038,FRONT,,,,,
578,19.267251213592232,FRONT,,,,,
579,19.300585558252425,FRONT,,,,,
580,19.333919902912623,FRONT,,,,,
581,19.367254247572816,FRONT,,,,,
582,19.40058859223301,FRONT,,,,,
583,19.433922936893204,FRONT,,,,,
584,19.467257281553398,FRONT,,,,,
585,19.50059162621359,FRONT,,,,,
586,19.533925970873785,FRONT,,,,,
587,19.567260315533982,FRONT,,,,,
588,19.600594660194176,FRONT,,,,,
589,19.63392900485437,FRONT,,,,,
590,19.667263349514563,FRONT,,,,,
591,19.700597694174757,FRONT,,,,,
592,19.73393203883495,FRONT,,,,,
593,19.767266383495144,FRONT,,,,,
594,19.800600728155338,FRONT,,,,,
595,19.833935072815535,FRONT,,,,,
596,19.86726941747573,FRONT,,,,,
597,19.900603762135923,FRONT,,,,,
598,19.933938106796116,FRONT,,,,,
599,19.96727245145631,FRONT,,,,,
600,20.000606796116504,FRONT,,,,,
601,20.033941140776697,FRONT,,,,,
602,20.067275485436895,FRONT,,,,,
603,20.10060983009709,FRONT,,,,,
604,20.133944174757282,FRONT,,,,,
605,20.167278519417476,FRONT,,,,,
606,20.20061286407767,FRONT,,,,,
607,20.233947208737863,FRONT,,,,,
608,20.267281553398057,FRONT,,,,,
609,20.30061589805825,FRONT,,,,,
610,20.333950242718448,FRONT,,,,,
611,20.36728458737864,FRONT,,,,,
612,20.400618932038835,FRONT,,,,,
613,20.43395327669903,FRONT,,,,,
614,20.467287621359223,FRONT,,,,,
615,20.500621966019416,FRONT,,,,,
616,20.53395631067961,FRONT,,,,,
617,20.567290655339807,FRONT,,,,,
618,20.600625,FRONT,,,,,
619,20.633959344660195,FRONT,,,,,
620,20.66729368932039,FRONT,,,,,
621,20.700628033980582,FRONT,,,,,
622,20.733962378640776,FRONT,,,,,
623,20.76729672330097,FRONT,,,,,
624,20.800631067961167,FRONT,,,,,
625,20.83396541262136,FRONT,,,,,
626,20.867299757281554,FRONT,,,,,
627,20.900634101941748,FRONT,,,,,
628,20.93396844660194,FRONT,,,,,
629,20.967302791262135,FRONT,,,,,
630,21.00063713592233,FRONT,,,,,
631,21.033971480582522,FRONT,,,,,
632,21.06730582524272,FRONT,,,,,
633,21.100640169902913,FRONT,,,,,
634,21.133974514563107,FRONT,,,,,
635,21.1673088592233,FRONT,,,,,
636,21.200643203883494,FRONT,,,,,
637,21.233977548543688,FRONT,,,,,
638,21.267311893203882,FRONT,,,,,
639,21.30064623786408,FRONT,,,,,
640,21.333980582524273,FRONT,,,,,
641,21.367314927184466,RIGHT,36.500541417613654,4.3693073806488485,2.19289558156774,21.630886836517924,-27.230226173036257
642,21.40064927184466,RIGHT,33.530895638865246,4.321103737311034,4.398705197539755,30.5297068185198,-38.74248671098786
643,21.433983616504854,RIGHT,35.995315962459415,1.8691486993176056,5.738768154265983,39.40066066347943,-48.66088219464396
644,21.467317961165048,RIGHT,33.64397278169362,1.5125894619819746,9.412362232748762,54.46232220802562,-66.43845465220843
645,21.50065230582524,RIGHT,33.146995832259506,1.0156125125790822,11.338916902764197,68.19859051364818,-54.29590339941262
646,21.533986650485435,RIGHT,37.9462248696109,1.6485600249615402,13.267474176736954,37.184706453233126,-22.32609200530584
647,21.567320995145632,RIGHT,33.19756491628669,6.165285154851631,18.746821150056746,27.51200351358601,-10.25304983599122
648,21.600655339805826,RIGHT,31.006400784762796,10.264418171059361,22.819693655724052,30.963755605616523,-12.009523260992054
649,21.63398968446602,RIGHT,30.774036101252545,7.024143601879359,22.68283493586847,21.037511025421818,-0.61517800069835
650,21.667324029126213,RIGHT,32.89458837371336,5.339236803752954,19.374139768662133,15.843082117687011,3.531057650970382
651,21.700658373786407,RIGHT,33.02268007213865,10.1823121181219,21.102498653075997,11.712472709636659,7.099415980869978
652,21.7339927184466,RIGHT,31.289852334271927,9.797241184175249,21.20858165010094,10.840305831800855,8.165677735010604
653,21.767327063106794,RIGHT,27.95003012432154,11.92296645280419,19.87186121878696,8.285797324572833,8.859753000458724
654,21.80066140776699,RIGHT,27.89985693064465,11.219671387200947,18.098841339807848,8.997143421065061,6.308995553024573
655,21.833995752427185,RIGHT,25.407948662176942,7.932758157286997,11.309932253295187,6.546290913298146,4.763641339988865
656,21.86733009708738,RIGHT,27.146713856707805,10.141765738154504,10.968987776089563,4.692862601246934,5.106985870859319
657,21.900664441747573,RIGHT,24.350693507923157,8.673174047888239,9.050721677192286,3.0355691250555665,6.01515255212793
658,21.933998786407766,RIGHT,21.263363922298804,10.246049112316001,8.173806920502699,1.7899106838109047,5.838238666316087
659,21.96733313106796,RIGHT,20.95773062420389,8.850059274486483,6.653078157183842,3.521453376922238,3.6670837658142688
660,22.000667475728154,RIGHT,18.555698442924278,9.651982253396028,8.468868035534484,3.494638927253337,4.4125237757049405
661,22.03400182038835,RIGHT,21.107689462765514,9.235558905794989,7.9801135825550205,3.9603119119570644,4.019801670587796
662,22.067336165048545,RIGHT,17.945583135615237,10.857724795958518,9.216436786532057,3.990913178982034,4.06819056284111
663,22.10067050970874,RIGHT,17.818888607306796,8.195258110270686,8.195258110271595,8.240712004231268,0.5054500734206044
664,22.134004854368932,RIGHT,18.287355392387443,8.77448100895424,7.462014332031856,6.874818171403882,1.1226551349619456
665,22.167339199029126,RIGHT,17.714466134409637,6.630441302973935,5.081490399939895,6.254032873366377,0.512141809326252
666,22.20067354368932,RIGHT,14.939152533778557,5.991483443983498,3.601645907129466,1.6723943610892666,4.197206081925302
667,22.234007888349513,RIGHT,15.292318433771218,5.460683855250409,3.354568845430464,3.3664607311020096,2.590670264443631
668,22.267342233009707,RIGHT,14.598372188169682,5.489571245521802,2.941085644494251,5.381547271659428,-0.27938222755609843
669,22.300676577669904,RIGHT,12.795390070409201,7.013007999130309,2.9915431815575744,4.114908933803044,0.43885922718610004
670,22.334010922330098,RIGHT,14.551737452917886,4.520432256671143,2.5622113971613487,1.7760442533587346,3.0319097096716376
671,22.36734526699029,RIGHT,13.44073776448781,7.116715689660964,4.152870679865856,1.7623909560226834,2.9577461554675892
672,22.400679611650485,RIGHT,14.686757655068735,5.622952198107299,3.9088288844756107,4.144623904205989,0.8251166286310934
673,22.43401395631068,RIGHT,12.485947200964855,7.551961026641152,5.999302035121133,5.2738957496416035,0.189947278696863
674,22.467348300970873,RIGHT,14.521037579603599,6.975249338175445,5.553623942178348,3.87125623198563,1.1418575230501347
675,22.500682645631066,RIGHT,13.175256654422514,5.6246278239459855,5.057248336761887,3.494639062929485,1.5626092738195183
676,22.534016990291263,RIGHT,13.492902197450793,4.590543185618145,5.659481840174379,4.053554231831407,1.6059276083310152
677,22.567351334951457,RIGHT,14.135086002737996,3.7644038346420814,5.124022854610786,4.053554231831407,1.6059276083310152
678,22.60068567961165,RIGHT,14.913495446007731,1.8848763353346385,3.6052429053810044,3.0127875041833403,2.2290324427961394
679,22.634020024271845,RIGHT,15.77194861058437,0.037628574233309564,1.9767885962159824,2.7048758828059003,1.9725421535412693
680,22.66735436893204,RIGHT,15.990613169882383,1.5920515691153412,1.3755521319160664,4.021990331765519,0.6554273473619219
681,22.700688713592232,RIGHT,17.132996754160242,3.096752799490446,0.6557170840809192,3.8712560853019835,-0.12826764776312416
682,22.734023058252426,RIGHT,17.950032627215638,3.1698086853733116,0.35421976794611965,2.838787946688166,1.5599172449271208
683,22.767357402912623,RIGHT,18.03428556713635,4.214178522747659,0.27042748706568887,3.2572219406669563,1.227384068877626
684,22.800691747572817,RIGHT,17.76836133682111,5.520872706684429,0.046002223238701845,2.4263358316023576,2.193587650057964
685,22.83402609223301,RIGHT,17.739854203371905,5.452100240391815,0.5525027760820649,1.8933859166743041,2.547855106930257
686,22.867360436893204,RIGHT,16.92751306415402,5.042451069182164,1.1545415083986938,0.9548412538721887,2.933068306960763
687,22.900694781553398,RIGHT,17.650124841643414,4.528824406318449,0.0875830515456073,0.9548412180196609,3.4864001375370464
688,22.93402912621359,RIGHT,14.566044030238913,1.9672315159304503,2.0366872277113828,1.4202655463990457,3.4788269073885942
689,22.967363470873785,RIGHT,12.661409160212365,0.827763413533745,2.99183086181381,2.2724496441246362,2.9219794653705975
690,23.00069781553398,RIGHT,12.98656185576615,2.971577528532322,1.5601135648347508,-0.48554584844144766,5.479289645631212
691,23.034032160194176,RIGHT,11.549488054823177,1.3579862048295013,2.1915183778411063,0.0,4.5288242369323655
692,23.06736650485437,RIGHT,10.393454151463407,1.4592762357793845,1.4417300963722823,-0.9963478965049255,5.272189009133655
693,23.100700849514563,RIGHT,10.148857437071944,0.863690044670534,1.9511068650107006,0.47350805873492635,4.203909800146661
694,23.134035194174757,RIGHT,9.465471032157142,1.9916259601165507,0.9495668931314469,0.47745375872989837,3.838573928462992
695,23.16736953883495,RIGHT,9.51947618483286,3.0376723281449642,0.8377340198855734,2.7702156877898645,1.9934261905037687
696,23.200703883495144,RIGHT,7.503801311573878,3.3123886244154903,0.8992201517977207,4.6106493186606095,0.06676854022113332
697,23.234038228155338,RIGHT,5.599339336542846,3.850638823926687,0.9573151391950603,5.110417561031226,-0.30246359800074174
698,23.267372572815535,RIGHT,5.12521503081739,4.857062003915672,0.3214315887861403,5.110417360516134,-0.39028024412608886
699,23.30070691747573,RIGHT,3.1999903657732713,5.808472674859161,0.6232513170074583,5.152081904309371,-0.876240959693007
700,23.334041262135923,RIGHT,2.100695842854296,5.247583910735216,0.9257923910267891,5.527540369262207,-0.2857206287698091
701,23.367375606796116,RIGHT,3.7232237099725918,6.725154654559049,0.7037733769332704,4.9893625696422035,-0.35389914273955014
702,23.40070995145631,RIGHT,3.317500694474376,5.739510674893381,0.3864749524587694,4.085616698939227,1.1088123116083608
703,23.434044296116504,RIGHT,2.1250460221218295,5.372797787521705,0.897995614383035,5.152081702206227,0.18715510153134574
704,23.467378640776698,RIGHT,3.332895605316739,5.303926656038556,1.6236245804036002,4.253836273060732,1.7267634801284544
705,23.50071298543689,RIGHT,1.4688007691812324,6.61156551755883,0.5678286005180553,3.4533161221801927,2.2572772266760808
706,23.53404733009709,RIGHT,1.7958695047629918,4.41982443903467,1.7285130558645392,2.3662480790164,3.288172535507428
707,23.567381674757282,RIGHT,1.023030151981194,6.217458873640652,0.0527099933160855,3.4238713678823753,1.8232673459134503
708,23.600716019417476,RIGHT,3.6348068941028053,6.85858672113028,1.2064185479512446,2.96093613416375,1.6589873474965913
709,23.63405036407767,RIGHT,3.2519454868853424,5.88145944483702,0.5921833318673748,2.602562293342478,2.161079231645587
710,23.667384708737863,RIGHT,4.184915979400021,5.142764379107348,0.21306047795579275,4.159642438592108,1.1961824181522758
711,23.700719053398057,RIGHT,1.9993626621875042,5.979135764779784,0.5473547330261113,3.6411851341914185,1.2233294684924374
712,23.73405339805825,RIGHT,4.51398845803232,5.314545669956317,1.3693594409571688,5.885987833028267,-1.9408016039906357
713,23.767387742718448,RIGHT,0.9228052382179595,4.123221723681809,0.05578944761924731,6.009005957494525,-1.2453642667683056
714,23.80072208737864,RIGHT,2.1169423355144645,6.049838607690731,0.6195659530242779,4.969740728110304,-0.14897465001764942
715,23.834056432038835,RIGHT,1.4688007144730542,5.505477857989206,0.5662623159750808,5.527540151656172,-0.5883246095299484
716,23.86739077669903,RIGHT,0.6095065768857962,6.049838607690589,1.158114918098363e-05,4.351077951573885,1.0892540794315835
717,23.900725121359223,RIGHT,2.6630006859457587,5.505477693037278,0.6262040565125915,6.1372561328675515,-1.2579824962442814
718,23.934059466019416,RIGHT,2.8624052261563624,5.440332031016538,0.5610582481179733,4.214178522734044,0.6650952602726505
719,23.96739381067961,RIGHT,2.792702449517354,5.505478022358062,0.6847118002194748,4.7147543777118655,0.10601184451444112
720,24.000728155339807,RIGHT,2.7927023657573464,4.82076607810518,1.442724536288921,5.4118691523170295,0.8516214620174765
721,24.0340625,RIGHT,2.7927022824328778,4.820765934720015,1.294737450257287,4.864514582434692,1.2509888024790854
722,24.067396844660195,RIGHT,2.792702365757869,4.820766078105322,1.367849885197785,4.864514437760526,1.3241015254810264
723,24.10073118932039,RIGHT,3.562160437946024,4.8827221707842625,0.6262040750771689,4.714754518704946,0.16451926430177366
724,24.134065533980582,RIGHT,2.8624052261557256,5.505477857989348,0.0667199469913271,4.170436524842112,1.4017612791216294
725,24.167399878640776,RIGHT,2.8624053964196885,5.44033235321487,0.13186578116994951,4.916565714509714,0.6556324193643235
726,24.20073422330097,RIGHT,1.9734341674300087,6.25005619495505,0.20021740737206528,3.6138806440461075,1.8264515489326811
727,24.234068567961163,RIGHT,2.792702365758522,4.763641690738922,0.6766903403771494,5.024075258539548,0.4162567724659425
728,24.26740291262136,RIGHT,1.3971810273845473,5.505477857989263,1.167517899602899e-05,4.763641690726178,0.7418361672521456
729,24.300737257281554,RIGHT,3.3358175706175692,6.114984434663484,1.167517899602899e-05,4.969740728110304,0.5357371298680249
730,24.334071601941748,RIGHT,1.9670187260444847,5.482364977398333,1.3093421802877288,4.91656600601002,1.2720499572315305
731,24.36740594660194,RIGHT,2.000272221738742,5.482364977398447,1.236229783334494,4.763641690726178,1.3518618755591802
732,24.400740291262135,RIGHT,2.0783072911232257,5.488780359692868,0.6262040750818301,4.813550893706532,0.6919269642717865
733,24.43407463592233,RIGHT,2.04160282269674,5.430272818504108,0.7514317483403659,5.024075107202399,0.548122864410928
734,24.467408980582523,RIGHT,2.9356734464656884,4.820766078105237,0.5559393500788303,4.763641690726178,0.6130637373245378
735,24.50074332524272,RIGHT,2.9356735352922434,4.8207662235374755,1.2947375267732752,4.398705222190873,1.7167985280551505
736,24.534077669902913,RIGHT,2.935673446464198,5.640549432167489,0.13507157469155118,4.91656600601002,0.588911851968291
737,24.567412014563107,RIGHT,4.5139885936257915,4.939215690385964,0.5662623327709468,3.6522226704404632,1.8532553525822948
738,24.6007463592233,RIGHT,4.5139884580302185,5.710593137510358,0.9469514468467537,5.4118691523170295,-0.6482274615908352
739,24.634080703883495,RIGHT,5.856013763952246,4.7636418362857285,1.2106816323178293,3.7722834939242684,2.202039974611239
740,24.66741504854369,RIGHT,3.4530624407949433,6.096135072634922,1.1891690832044333e-05,3.772283609379837,1.733194248598437
741,24.700749393203882,RIGHT,5.856013585450914,6.188615963251323,1.4249742725645547,6.203447901691836,-1.4398062109655996
742,24.734083737864076,RIGHT,4.763641690752723,6.622817727857978,1.390740575022818,5.300926516525688,-0.6475749292572743
743,24.767418082524273,RIGHT,4.885962930044455,6.0371416671533495,0.7324798089300941,6.271077257920539,-1.5632248692205764
744,24.800752427184467,RIGHT,1.1573330682434964,6.996825379655633,0.585689560373055,5.290081205371269,-0.03627845410900932
745,24.83408677184466,RIGHT,3.4592146773809724,5.733187943667701,1.1549635786423096e-05,5.710593137499642,-0.5742146450718906
746,24.867421116504854,RIGHT,1.1457628382988927,6.9852551497013735,0.06516640991816303,5.9245819819824925,-0.15025607931922025
747,24.900755461165048,RIGHT,0.9344970921236126,4.506669310457397,1.1768457540028976e-05,4.236394659514126,0.8432133675529911
748,24.93408980582524,RIGHT,3.4241105587190535,6.272298470075924,0.6865178790610003,6.34019174590991,-1.3161164873703228
749,24.967424150485435,RIGHT,3.0104094021336554,6.406844431044362,1.1549635786423096e-05,3.012787398593354,2.8732006396524525
750,25.000758495145632,RIGHT,2.4366482468613118,5.355825042866456,0.05489852757114022,2.935673446421173,2.36525307010443
751,25.034092839805826,RIGHT,4.085616638482599,5.300926333337571,0.11094263260832804,4.159642437785689,1.2522265275427742
752,25.06742718446602,RIGHT,1.4320961369228769,5.774325713017674,0.6379473896332968,4.236394938638646,0.899983384846962
753,25.100761529126213,RIGHT,0.5456575936556309,5.682036085854207,1.134698957135555,4.159642293712642,2.1114351557884277
754,25.134095873786407,RIGHT,1.756920133427423,5.812482383122898,0.585061316618976,2.489552921999156,3.39643491102899
755,25.1674302184466,RIGHT,0.7292000622758659,3.8349138533563405,1.7861780582208553,5.659481646468629,0.47777451259793224
756,25.200764563106794,RIGHT,1.7523933277576484,5.7014579686600655,0.5161642298962761,2.88641854386461,2.824174593634922
757,25.23409890776699,RIGHT,1.569643750643458e-05,4.447384701164452,1.6250715034436212,4.275841255867414,1.796614948684379
758,25.267433252427185,RIGHT,0.875843957238347,3.3442415153195952,1.8738321603188979,5.440332031005506,0.3339938716577535
759,25.30076759708738,RIGHT,1.0913477252068806,2.199139066085337,1.9389985071744889,6.340191949957722,-0.5006998266075442
760,25.334101941747573,RIGHT,0.32008482417725853,3.371770580905803,0.11230323450436686,4.945966547104157,0.19041194532356087
761,25.367436286407766,RIGHT,4.529618918990928,0.34594302191740667,2.8612117215392345,6.745579647482819,-0.5569636842411967
762,25.40077063106796,RIGHT,9.504791044523396,0.885544967434214,3.862662208324622,3.503531644784458,3.0534148533788112
763,25.434104975728154,RIGHT,11.263236657547306,0.9248739491757192,3.195356028505614,3.333850661536574,3.076989358695755
764,25.467439320388348,RIGHT,15.391212935271922,0.8410402858256703,4.022727221902301,3.925907703683982,2.118184458557053
765,25.500773665048545,RIGHT,21.155616580418815,1.6383975041258907,3.836110460748557,2.7791668640720806,3.126974249698307
766,25.53410800970874,RIGHT,23.323350490281822,3.7549597632574034,5.559702368041371,4.484605863260952,1.7188422400261913
767,25.567442354368932,RIGHT,27.638399927478233,2.643573463694338,5.649914548056955,3.3664606634298013,2.9737310824800005
768,25.600776699029126,RIGHT,30.92202618292863,4.35697500585988,7.5946433686005435,3.503531644784458,4.091111723806833
769,25.63411104368932,RIGHT,36.7495019138757,5.219967949353304,8.963344940027838,3.150716413267741,5.146428556568949
770,25.667445388349513,RIGHT,55.27340633725775,8.945493149907833,11.635627762915135,3.708428034155645,5.264198874259193
771,25.700779733009707,RIGHT,82.37247931256542,12.037202320371023,15.166486595070467,4.398705354995532,5.573352332335375
772,25.734114077669904,RIGHT,101.79628202442358,16.629150997792465,19.695216231828965,2.245742494035562,9.522546804421168
773,25.767448422330098,RIGHT,111.55550624027798,17.65116700986266,22.967807388184156,7.352379143117478,6.525151057786331
774,25.80078276699029,RIGHT,125.29789709818105,27.12188467411633,32.901819622550846,5.440332031005506,12.085236342716968
775,25.834117111650485,RIGHT,132.53060357628183,31.61967784329218,36.9188090240047,5.492324729585583,12.759570569086037
776,25.86745145631068,RIGHT,144.1396155615964,37.19359808447041,42.221038341309736,6.4043529269397546,13.878205573678429
777,25.900785800970873,RIGHT,148.77769026126106,46.40862873533953,51.30362775629047,9.462322208025617,12.786701449186339
778,25.934120145631066,RIGHT,149.1670555226284,52.750036422920104,60.08441522433664,10.864059922087723,14.90526770225054
779,25.967454490291264,RIGHT,151.25247646659372,57.7025672546075,66.73805890445928,11.633633639157393,16.667122887237227
780,26.000788834951457,RIGHT,154.92018180701362,63.05767462965659,71.97804510771451,14.966719564004862,14.63773118199964
781,26.03412317961165,RIGHT,154.37158167164213,65.32276189978475,75.40750119362987,15.7807541747585,15.18300089871697
782,26.067457524271845,RIGHT,156.0774941169836,69.31719441308924,80.48967446028593,14.574216198038739,17.675757966144403
783,26.10079186893204,RIGHT,160.01689347809616,74.10716901966293,87.20825514923558,15.642246457208728,19.260249158715425
784,26.134126213592232,RIGHT,163.03541053992865,76.59338748677959,89.86565079525302,20.492595358028677,15.24287980655508
785,26.167460558252426,RIGHT,166.19091434393624,79.88293207520158,95.74325859366135,21.61477894278625,17.126184752090992
786,26.20079490291262,RIGHT,168.03702840993165,84.21695265912143,100.90880812663305,19.687116198125864,20.579445471298058
787,26.234129247572817,RIGHT,168.65008462543457,86.4749914390131,103.40323146122661,23.65799771572467,17.674213261405413
788,26.26746359223301,RIGHT,167.51327017640006,89.92836609088907,107.92155784233499,22.432991605354854,19.3273071362284
789,26.300797936893204,RIGHT,169.39661749244917,92.58618528289104,109.45235024094728,24.403972443336688,17.39648685071721
790,26.334132281553398,RIGHT,167.20654833100951,94.1516106294316,112.25537390415573,25.72561184826922,17.153292768929532
791,26.36746662621359,RIGHT,167.81762572471158,96.81368197792835,116.93952806380034,25.074419341815677,19.925580658183762
792,26.400800970873785,RIGHT,167.5759872044718,97.60092970651509,118.13797730247848,24.179107146689176,21.200329554729166
793,26.43413531553398,RIGHT,168.34647252937745,101.65034347195567,122.43251377770011,26.987890581748488,20.159694846549428
794,26.467469660194176,RIGHT,167.4529833358311,104.19437039879857,125.98437493644893,28.926425835253614,18.47378862560251
795,26.50080400485437,RIGHT,167.4029368351068,104.81744986471678,126.94050401197644,28.072487837141335,19.871557433270212
796,26.534138349514564,RIGHT,167.81626672579426,107.02658957365658,130.50199665163788,30.129041730758487,18.956576090495346
797,26.567472694174757,RIGHT,166.88545501166286,110.44784183713985,132.69625817278393,30.027124233213083,19.53282585419818
798,26.60080703883495,RIGHT,166.19385882716554,110.64016757803749,134.9885190304076,31.469506897677114,19.078959396040418
799,26.634141383495145,RIGHT,165.48821428612862,112.76584353776767,136.2744202985831,28.97413255155024,21.279670199711404
800,26.66747572815534,RIGHT,165.50413801043783,112.4796835095726,136.42412745394498,29.908426411844353,20.224129063403552
801,26.700810072815532,RIGHT,168.2298879582921,114.39502097270076,138.20233533476727,30.403424474505826,19.79100443322841
802,26.73414441747573,RIGHT,164.67464255194122,115.6972449413109,139.30605541913334,31.63306984062086,19.04782038792355
803,26.767478762135923,RIGHT,163.71946343653775,117.40757446500771,140.74060547249107,30.963757582318028,19.776847890173627
804,26.800813106796117,RIGHT,163.0345672514958,118.11128429063328,141.34909141146784,32.005384330705375,18.4485333315329
805,26.83414745145631,RIGHT,162.37198074687547,119.59163572314368,142.10241454915803,30.709675467317346,19.173083480240564
806,26.867481796116504,RIGHT,162.02317083132547,120.90032272004373,142.79920701793804,30.335539631422293,19.404969675539363
807,26.900816140776698,RIGHT,162.5307865299936,120.88657381286207,142.98583366800906,32.7576676258733,18.09125528461712
808,26.93415048543689,RIGHT,162.62553282422135,121.4133564336254,143.2019021155218,31.152021807453146,19.447318164319313
809,26.96748483009709,RIGHT,163.03506716878962,124.2470712223108,143.90089535823444,29.744880767419154,19.653825194969954
810,27.000819174757282,RIGHT,160.95393126701427,123.98806088092654,143.808127264906,28.794001311005726,20.250484263174755
811,27.034153519417476,RIGHT,160.69142541286303,124.15969454566887,143.501271234135,28.401895607138957,20.335733936270543
812,27.06748786407767,RIGHT,162.529156598691,125.93093543525794,143.41497150953717,27.707551630786515,19.908201997958827
813,27.100822208737863,RIGHT,161.00248812365876,126.01899238512942,143.42788430795346,30.086505589090304,16.741461464497903
814,27.134156553398057,RIGHT,161.90661049721595,125.50016608872136,143.02431463453104,27.20699485207047,20.106726396844124
815,27.16749089805825,RIGHT,163.39255573761778,126.30680000429635,143.5316747092175,27.043834847373265,21.027627269696524
816,27.200825242718448,RIGHT,163.75750904524287,126.91382863191997,143.30054799183785,27.8070415315011,19.658717463496103
817,27.23415958737864,RIGHT,164.3291894847052,127.09691999062252,143.28234941703005,27.660738511959522,19.828814410039058
818,27.267493932038835,RIGHT,163.12421291974505,127.00968694279729,143.88547402304806,28.749661966209608,18.976649027696112
819,27.30082827669903,RIGHT,164.42328912635992,127.79440481027507,144.15085456176803,28.134405981826976,19.355146940171622
820,27.334162621359223,RIGHT,165.0480094316982,127.62214460498393,143.57922117574682,27.897270003974615,19.440037092782788
821,27.367496966019417,RIGHT,162.79618740684583,127.29270887559235,143.18040497659598,26.906094439096687,19.883814953365615
822,27.40083131067961,RIGHT,165.32270720674035,129.04884298304268,142.88834944488661,29.10473162741869,17.443426071558747
823,27.434165655339804,RIGHT,161.91404703214207,128.40553362331647,144.19672966003682,27.486619080676483,18.870847426952693
824,27.4675,RIGHT,163.47581842474074,130.3420996855502,144.0083050706345,27.91691204706749,17.379955835510316
825,27.500834344660195,RIGHT,164.3060765028558,129.61092369467747,142.17857362272068,27.688353117465933,18.085867987308262
826,27.53416868932039,RIGHT,162.692459912485,130.05054481782958,142.84801455706423,27.923588914897035,18.214589058836125
827,27.567503033980582,RIGHT,164.17422373185477,129.8014707019176,143.23431083293968,26.89151932206945,18.399319700280586
828,27.600837378640776,RIGHT,161.5951276989907,131.15600089324323,142.81529354676562,28.101351305961774,16.898648694037703
829,27.63417172330097,RIGHT,163.86930144788295,131.902847715265,142.81764314677716,27.512002623851455,17.09286033364053
830,27.667506067961163,RIGHT,163.60034913914333,131.96462437473525,142.39141415880738,27.26947272763648,17.329863109146658
831,27.70084041262136,RIGHT,163.79423115567542,131.3230395312935,142.35588286641706,27.73418972976095,16.49159104598627
832,27.734174757281554,RIGHT,160.99054575100035,131.70575897261205,145.25179202017654,25.506938088849004,19.224069617453978
833,27.767509101941748,RIGHT,162.4064378899745,131.47768215940505,145.11063680156184,26.5650517264843,18.696570332480675
834,27.80084344660194,RIGHT,161.81290324187074,131.51592541403207,145.30326249025177,26.861918954994554,18.65893604212728
835,27.834177791262135,RIGHT,161.22487679212426,131.54519339218496,144.91652521550083,26.415063660036743,18.584934969630353
836,27.86751213592233,RIGHT,164.49152195236894,133.94781094291653,145.9627740903266,27.01857030303596,17.71243740326706
837,27.900846480582523,RIGHT,161.7941497651397,133.73044453929583,146.20688683410634,25.942295489871672,18.227389023869804
838,27.934180825242716,RIGHT,158.42971338255927,133.12270594828934,143.04385736104257,24.51964268819076,19.412857628068465
839,27.967515169902914,RIGHT,162.6383354171816,133.92473623972887,142.22118837806377,27.050597007086125,16.38004818816438
840,28.000849514563107,RIGHT,162.29596849924343,134.4543418371822,142.48738757403987,27.734191267379565,15.290873798491134
841,28.0341838592233,RIGHT,164.17636410600375,133.59879990848998,142.5627514786081,28.162527374323613,15.309947183462981
842,28.067518203883495,RIGHT,158.95685124524593,132.33195111851325,145.15718253044042,25.758121224717023,18.674613000543175
843,28.10085254854369,RIGHT,163.76061907787906,134.91672198840544,145.94065472773693,26.415061496798195,17.514115391888197
844,28.134186893203882,RIGHT,163.12521335114835,134.19570939654034,146.05620873997358,26.869813635570846,17.338128592820865
845,28.167521237864076,RIGHT,161.6757471656734,132.8024543923719,145.48268533676517,27.181109968007473,17.298035032243376
846,28.200855582524273,RIGHT,163.2028197583338,132.82486709544617,145.47742359600355,26.56505117707799,18.434948822921484
847,28.234189927184467,RIGHT,161.86502646691238,132.93859980818775,145.78907525738907,26.71662805913674,17.762514197761647
848,28.26752427184466,RIGHT,161.82349666418406,132.52571845264606,146.00354128035775,26.865813108658237,18.134187576810817
849,28.300858616504854,RIGHT,161.99456170162787,132.6227302211105,146.19111074787384,26.869813087499065,18.391809658195214
850,28.334192961165048,RIGHT,162.69134172348902,132.82721818005047,145.85641291872312,26.565051722229718,18.434947596330105
851,28.36752730582524,RIGHT,162.98838397259345,133.07754244379967,145.47790709839478,28.072485802516976,16.401880955520667
852,28.400861650485435,RIGHT,164.5053056780982,133.65737561791047,146.04830930711972,27.474432186638936,17.263944383190818
853,28.434195995145632,RIGHT,162.5430512501295,132.55815603228774,146.19111074787384,26.56505117707799,18.696571568616264
854,28.467530339805826,RIGHT,162.06132898823853,132.83210972077816,146.30993247401886,25.811202844007223,19.188797155992233
855,28.50086468446602,RIGHT,161.86502633937843,132.63220888185685,146.26516359744292,26.865813661321482,18.395809084372786
856,28.534199029126214,RIGHT,162.4540556876843,132.2109423815474,145.9982795306004,26.10791424177628,19.412941447844034
857,28.567533373786407,RIGHT,163.08713434401247,132.861796556145,146.1156684995623,26.714648172680498,18.544606978820354
858,28.6008677184466,RIGHT,162.40020734257243,132.72840154316782,146.1911116073436,27.309109263496058,17.95251485151961
859,28.634202063106795,RIGHT,161.62963030520623,132.38953784485545,146.1887427231569,27.450998332151613,17.808256133432437
860,28.66753640776699,RIGHT,161.69640863899525,132.7699819770355,146.05067647691038,26.27047502023671,18.470268454114674
861,28.700870752427186,RIGHT,162.64540769659763,132.65432137325925,145.28881026663942,26.415062568090534,18.325682280407563
862,28.73420509708738,RIGHT,162.77499342117994,131.85893672325727,145.42731717731843,25.958769801885452,19.302852257382796
863,28.767539441747573,RIGHT,161.76136981278805,132.38953748909148,146.18874229213577,27.012666458818824,18.246587320055497
864,28.800873786407767,RIGHT,160.2776083711289,131.4563565469088,146.33289002113264,26.11391263029071,19.670911972700623
865,28.83420813106796,RIGHT,161.26562141795915,132.07970475102783,146.1452890095699,26.865814765352038,18.659818472003735
866,28.867542475728154,RIGHT,162.06134491003692,132.8464786498305,146.64805112246185,27.012665902053225,18.248956158966067
867,28.900876820388348,RIGHT,161.69640857304307,132.0081152522825,146.0689213536623,26.415063114738526,19.105792573863127
868,28.934211165048545,RIGHT,161.1923530699814,132.0797054741834,146.14528988261137,26.11391263029071,19.411721976166348
869,28.96754550970874,RIGHT,160.907079164989,132.69181658205272,145.96527630796464,27.181111085477223,17.55239883846386
870,29.000879854368932,RIGHT,161.3368846608976,132.92400321372085,146.72798699695028,27.172941146916724,18.091092834341865
871,29.034214199029126,RIGHT,161.56903739332117,133.1677470849529,147.0299124983521,27.01856919714807,18.24305491479865
872,29.06754854368932,RIGHT,161.40622414796135,132.38953820020868,145.92948800217903,26.56505117707799,18.434948822921484
873,29.100882888349513,RIGHT,159.32519412856962,132.34751580450896,147.02991167771404,26.7166269597463,18.544995785947975
874,29.134217233009707,RIGHT,162.46064603286266,132.65532617235596,146.1180360937557,26.56505117707799,18.69657156861625
875,29.167551577669904,RIGHT,162.1002323069915,132.80245367604317,146.00354085174814,26.56505117707799,18.43494882292147
876,29.200885922330098,RIGHT,162.29040110811596,132.4850820931444,146.64123881171773,26.56505008359739,19.219775885731792
877,29.23422026699029,RIGHT,162.24271385056056,132.378589877996,146.3725767118634,26.716628063934454,18.79953479125409
878,29.267554611650485,RIGHT,163.10836654490467,133.4501750273564,146.26516445230425,27.318898395135363,17.94272571776129
879,29.30088895631068,RIGHT,162.93345171916852,133.26286549591546,146.463952600712,27.172941699302758,17.82705762087933
880,29.334223300970873,RIGHT,162.10023230699161,133.42108078786322,146.0916666468944,26.72074584687576,17.748752836449924
881,29.367557645631067,RIGHT,162.05474664231284,133.55799087031926,146.66528900404415,26.865812567226158,17.870154808465742
882,29.40089199029126,RIGHT,162.05474689862427,133.47693359927638,146.8482654234166,27.018571405941746,17.981427231432704
883,29.434226334951457,RIGHT,163.54876410021765,133.391811654508,146.64805112299555,26.113913170828056,19.147708891061967
884,29.46756067961165,RIGHT,163.41156703285554,133.7870883216526,146.61148642388713,26.56505117707799,18.434948822921484
885,29.500895024271845,RIGHT,162.64597522523783,133.60914246359616,146.89216239166683,26.565050077651435,18.178021272072485
886,29.53422936893204,RIGHT,162.13053146070988,132.66269414087546,146.8307888485208,26.25865955480728,19.262196819694125
887,29.567563713592232,RIGHT,161.8467080074273,132.49490644804104,146.8307880082791,27.02463424022055,18.496220768747023
888,29.600898058252426,RIGHT,162.5496813060044,132.9086060431671,146.6480515421026,26.25865955480728,19.002963190886973
889,29.63423240291262,RIGHT,162.70525561667336,133.19747148253552,146.727986167274,26.720746938705865,18.543285683343186
890,29.667566747572817,RIGHT,161.65408101634807,132.73919114560303,146.9120642364368,27.339270232050392,18.186365734549014
891,29.70090109223301,RIGHT,161.31158522873784,132.46165489450493,146.38642795612736,26.26270267311412,18.737295955941534
892,29.734235436893204,RIGHT,162.06134484303004,132.76998267204854,146.8307888485208,27.172941146916724,18.347915227584707
893,29.767569781553398,RIGHT,160.78512545147265,132.1427358178739,146.75530122532962,27.181109975341833,18.339747764889907
894,29.80090412621359,RIGHT,161.96432886474952,132.55372445561184,146.3099320529937,26.413073883661415,18.586925432172166
895,29.834238470873785,RIGHT,161.74152639911208,132.35018498911396,146.64568352795598,26.26270212890189,18.996552337414457
896,29.86757281553398,RIGHT,163.38014833825483,133.52613668573895,146.68936917543783,27.318899510148757,17.68110048985075
897,29.900907160194173,RIGHT,161.13114874406702,132.04138729764702,146.63413547695205,28.092577761124854,17.685143859332484
898,29.93424150485437,RIGHT,161.33436986886323,131.7647044768289,146.11334337256443,25.966683589780637,19.29024643472232
899,29.967575849514564,RIGHT,161.16987359170372,132.82765896551376,146.5346198146774,25.958770347415815,19.041228273061037
900,30.000910194174757,RIGHT,162.6332412304162,132.41941901399355,146.49137445853222,27.31889894662714,17.93803176885342
901,30.03424453883495,RIGHT,161.32011517124462,132.25323969568876,146.49369915864213,27.024633134607956,18.234622016892914
902,30.067578883495145,RIGHT,161.4289337110562,132.66223570006022,147.0507857197018,26.415061472030146,19.101104133006388
903,30.10091322815534,RIGHT,162.09935062934778,132.66223536050157,146.7938762229182,26.262701039884966,18.996554798584256
904,30.134247572815532,RIGHT,159.62575455719715,131.4908805007367,147.01216615425372,27.61761224588256,18.160109376870764
905,30.16758191747573,RIGHT,161.8481508377913,133.03591442935672,147.42446429108102,27.172941146916724,18.3432230828476
906,30.200916262135923,RIGHT,160.95155646145548,132.45305686291965,147.24676709496052,27.631604714550914,17.627650436949963
907,30.234250606796117,RIGHT,160.88054635518637,132.5667388159488,147.24444196796262,26.869813087499065,18.387116937003924
908,30.26758495145631,RIGHT,161.63197429975102,132.46569092978478,147.13234279838906,26.7166269597463,18.804229414755113
909,30.300919296116504,RIGHT,161.28028324599293,132.46569092978478,146.8707415753885,27.932595181535607,17.326659969965277
910,30.334253640776698,RIGHT,160.3168314728909,131.66563988414796,146.85716175705025,26.714648172680498,19.056100572710946
911,30.36758798543689,RIGHT,161.41171745741264,132.22580246419477,147.30537023677613,27.318898386108614,18.45185173711225
912,30.40092233009709,RIGHT,161.51776948384457,131.41429705708464,146.30046297229146,26.869811971567465,18.64635364192317
913,30.434256674757282,RIGHT,161.9147093793886,131.48641183288223,146.11566849956228,27.01857030303596,18.240684848464895
914,30.467591019417476,RIGHT,161.16904338044583,131.82937765200887,146.60257724142312,26.714648172680498,18.801516057083816
915,30.50092536407767,RIGHT,162.33201968499077,132.3544510642377,146.86841644839063,27.01857030303596,18.238359721467035
916,30.534259708737864,RIGHT,161.7651520381953,132.2685960479275,146.68936917543783,27.01857030303596,17.98142969696353
917,30.567594053398057,RIGHT,161.5394766002134,131.97370581981733,147.58393278129557,27.48662018844744,18.02954335249173
918,30.60092839805825,RIGHT,161.0053057655846,131.73917005559156,146.93766600739235,26.413074433611772,19.364647186798052
919,30.634262742718445,RIGHT,160.76686424732986,131.24984348370975,146.56202173129572,27.018569189540315,18.759155179924576
920,30.667597087378642,RIGHT,160.55107237330927,131.72115686338452,147.05078530181106,26.86581310648192,18.650351811339576
921,30.700931432038836,RIGHT,161.18608131014975,132.0001659051063,147.05078530202837,27.012664790730156,18.50350012744873
922,30.73426577669903,RIGHT,161.57645990787606,132.27758462101792,146.79154983755478,26.714649282826663,18.54227935944401
923,30.767600121359223,RIGHT,161.4030377538147,131.67520961981518,146.41687303160995,27.172942270952696,18.083986370263148
924,30.800934466019417,RIGHT,162.23438566706423,131.60167945133594,146.85716175705028,27.16498505733194,18.60576368805951
925,30.83426881067961,RIGHT,161.4559200748745,131.37167978773854,146.11334337256443,26.865813661321482,18.39111636318151
926,30.867603155339804,RIGHT,161.51776971816867,131.78994200617097,146.67149930286564,27.46256233953428,18.048992835696325
927,30.9009375,RIGHT,162.51518127387317,132.33068270012996,147.05078488340814,27.46256177363711,18.053602456127223
928,30.934271844660195,RIGHT,161.7960624340441,131.9947034421583,146.59796801595178,27.91470320170531,17.59685127975567
929,30.96760618932039,RIGHT,162.3491176308888,131.41429670738802,146.29585417492876,27.91470147868063,17.59685508498322
930,31.000940533980582,RIGHT,161.68769969589314,131.94061716849035,146.85716132536314,27.75854117292871,18.01220687894684
931,31.034274878640776,RIGHT,162.50326434424443,132.65126470166678,147.4198559279032,28.072486935852957,17.439068930733583
932,31.06760922330097,RIGHT,161.86596354065122,132.1646194739682,147.3053698195116,27.32894907369275,18.441800363254657
933,31.100943567961163,RIGHT,161.06633418169943,131.08925327337676,146.6271629656389,27.774280057254405,17.996470072754278
934,31.134277912621357,RIGHT,159.98673634547475,131.6498156159341,147.40602081991915,27.93259632368982,17.324332320988105
935,31.167612257281554,RIGHT,160.4946617277445,131.30302615924214,147.00519189992227,27.645976498880213,18.12477086616782
936,31.200946601941748,RIGHT,160.33201608503882,131.5174229487257,147.38223433208435,27.318900638034556,18.451846724813592
937,31.23428094660194,RIGHT,160.450334341634,131.8934491184232,147.24444196796262,27.318899510148757,17.93803051435424
938,31.267615291262135,RIGHT,160.48785544490693,131.79802197710055,147.38223475126463,27.474432191596154,18.296315863486285
939,31.30094963592233,RIGHT,158.83874018316877,130.9793253040836,147.26668869870642,27.181111085477223,18.85113360608797
940,31.334283980582523,RIGHT,159.29158986951134,131.77284035861445,147.40834675894135,27.486619624287954,17.772635527212927
941,31.367618325242717,RIGHT,160.47921114822122,131.62548878449192,146.67610809479623,27.318899510148757,18.19726471961556
942,31.400952669902914,RIGHT,159.4824858973442,131.35636772083,147.64373111545282,27.024633134607956,19.00761155695723
943,31.434287014563107,RIGHT,159.98532122202562,131.89344880235996,147.75826027945456,27.16498561790706,18.605762437700932
944,31.4676213592233,RIGHT,158.9962178796516,131.05481377096174,147.08765546828243,27.318899510148757,18.458823484114333
945,31.500955703883495,RIGHT,158.61013159820985,130.72057851993515,146.8980408853917,27.024632026766103,19.016996016852218
946,31.53429004854369,RIGHT,159.67199796284984,130.99489287577146,146.49163626860022,27.64597536373868,18.153448749578345
947,31.567624393203882,RIGHT,161.01914297507773,131.34737495787618,145.86891308617845,27.474431081478784,18.340146633503565
948,31.600958737864076,RIGHT,159.00614045984503,130.76208815006737,145.6031359900955,27.383506638766605,18.480183405832463
949,31.634293082524273,RIGHT,159.44153454782818,130.34655406561086,144.2653343444388,26.25865955480728,19.01288239087671
950,31.667627427184467,RIGHT,159.47506730520163,131.0831736016866,144.54077817350588,26.082233985213346,19.202816048939425
951,31.70096177184466,RIGHT,158.287030519255,129.08768219856202,141.97662909936136,27.67591155355322,16.517157662614835
952,31.734296116504854,RIGHT,158.68201065081723,127.80874533033045,139.77077865278324,26.56505171051523,17.090223234719858
953,31.767630461165048,RIGHT,164.58905757597282,126.64366542039835,136.85191546433964,27.47443105783441,16.241126114041208
954,31.80096480582524,RIGHT,166.76190784375694,125.71102536725283,133.3612998634781,27.36077529976985,14.815263716208946
955,31.834299150485435,RIGHT,170.6573078902606,125.35345035315379,130.2062696188541,24.443955298007367,16.947575167884153
956,31.86763349514563,RIGHT,170.1033280323236,123.86692042947418,129.12812897024045,25.432231418710526,14.932305154386398
957,31.900967839805826,RIGHT,174.12623833111374,123.20431516583585,124.72660040811505,24.951511215203748,14.70925330293069
958,31.93430218446602,RIGHT,170.24061873232122,120.0654845803945,122.83059048378107,24.26129085247779,14.279892768803137
959,31.967636529126214,RIGHT,173.34539804292626,116.11235436184712,118.08322163919499,26.397519070200534,12.030559577927647
960,32.00097087378641,RIGHT,166.54739453996007,113.23276535355062,116.96713447300795,25.588513141316426,12.419561512015406
961,32.034305218446605,RIGHT,168.19806387706006,110.05454454536587,114.04325986657848,24.134859444274653,13.836742997117497
962,32.067639563106795,RIGHT,163.2722308357616,107.51790943108449,110.96340589677028,20.934367980222234,14.86897675260984
963,32.10097390776699,RIGHT,159.56188186346375,103.83882437009966,106.93581361939547,21.929588227697185,13.859384577627111
964,32.13430825242718,RIGHT,81.82349049001428,98.25367784582008,102.93681379326304,21.801409969885714,13.365025405683554
965,32.16764259708738,RIGHT,27.29542416497354,95.29448036591855,99.62461573608888,20.39487608204838,14.597144116509867
966,32.20097694174757,RIGHT,48.149659532349986,90.29308518238705,94.65520050312253,18.77131939783213,14.714849417680412
967,32.23431128640777,RIGHT,21.06738407702807,85.120291964935,87.80636982401128,17.206572207326722,14.676992271544293
968,32.267645631067964,RIGHT,11.882732320404568,79.93274904602492,83.93153775947086,14.85861444792466,16.041267217061858
969,32.300979975728154,RIGHT,7.742639456463375,76.2026421352145,77.05239620507528,14.506641280748294,13.588201163290918
970,32.33431432038835,RIGHT,4.63546356131055,72.62497577714598,71.76212142901132,12.660622368507672,13.731852708700046
971,32.36764866504854,RIGHT,0.5562522273334892,64.81554387084836,61.940169147890344,10.823011226207099,13.422917454993097
972,32.40098300970874,RIGHT,1.5376086615106082,55.17188000849657,52.45007822092687,9.323591778138013,13.92900039672314
973,32.43431735436893,RIGHT,3.590001038546196,47.81652717405794,43.24466740778229,6.532136687852445,13.378489443218527
974,32.467651699029126,RIGHT,4.451333503769466,50.472802261234705,42.77888798673308,6.390495570993944,11.068706401347086
975,32.50098604368932,RIGHT,12.024012274882718,41.650535104905714,34.22001193087672,4.911788072522812,9.963894219918842
976,32.534320388349514,RIGHT,15.092962955040745,34.92302216073219,27.176798552883696,5.237475961578359,7.1957594699169505
977,32.56765473300971,RIGHT,20.615337645649632,28.935062402442185,21.415059638847623,4.763641786060436,5.581215491917661
978,32.6009890776699,RIGHT,21.20325012042944,26.716626959748623,18.36855745111845,4.553767979158628,4.748286732140031
979,32.6343234223301,RIGHT,20.073112006383745,25.759398178419957,15.653577516060182,6.170174870425066,1.5258771305345107
980,32.66765776699029,RIGHT,20.026282024145964,22.703794052626137,13.537701332764613,6.170175095029609,0.4751031152447922
981,32.700992111650486,RIGHT,19.048182537081207,19.611624586664988,10.839340783166904,4.049581848616011,1.8200183845037543
982,32.73432645631068,RIGHT,17.58700370222914,14.507710635982761,6.561361231131201,4.197668357160926,-0.15318278297982602
983,32.76766080097087,RIGHT,15.051219992599407,13.381510023925557,5.407238007996511,3.0940580589171116,0.4455011096328292
984,32.80099514563107,RIGHT,14.335910451796781,11.124595571197858,3.459214677360194,3.48327146899767,-0.62086624288591
985,32.83432949029126,RIGHT,13.099843082275257,10.738897100910634,2.337305859152991,2.447048642323615,-0.10974278319980613
986,32.86766383495146,RIGHT,11.913692605265984,8.065263702648707,0.5725951635941442,2.489552921999156,-0.7711949203436745
987,32.90099817961165,RIGHT,13.037997116404668,8.04188721291635,0.011806265364498358,2.533558888394575,-1.3762258202650202
988,32.934332524271845,RIGHT,13.929113223491907,7.591809032853632,0.5248685594436324,2.4895530090666513,-0.7711950675471968
989,32.967666868932035,RIGHT,12.493917730654692,8.63080208331263,1.7714698014567887,4.122297669340003,-2.3508278679210974
990,33.00100121359223,RIGHT,12.565348756338082,8.746162560291111,2.953365869256686,4.122297670179136,-1.7849917305783976
991,33.03433555825243,RIGHT,14.007042476223777,9.35111629302915,1.875723179377161,4.27584097059549,-3.0438635268925367
992,33.06766990291262,RIGHT,15.636385505449612,8.853414335638973,2.539248303033503,3.7781978318019576,-1.8900098874868263
993,33.10100424757282,RIGHT,14.584310410356224,9.462322518629918,3.160188203082953,4.275840971163971,-2.447872666197128
994,33.13433859223301,RIGHT,13.361133362048292,8.238389082773836,2.3971505742767647,3.23970029610213,-1.4862954360305451
995,33.167672936893204,RIGHT,16.146186316065975,8.639708301424037,2.988683546875052,2.0454084888872277,-0.344053883561088
996,33.201007281553395,RIGHT,17.950429467882824,6.4935253125477175,2.4110297466411907,3.6084688525663444,-1.197439105955084
997,33.23434162621359,RIGHT,18.791331929537282,8.477513078405593,3.3145858206647176,3.8140748342903543,-1.6929784376288382
998,33.26767597087379,RIGHT,19.7814073950027,6.884605403605832,2.7722986182238856,5.370994695535706,-3.189353291984119
999,33.30101031553398,RIGHT,20.978141244913637,6.681963233074015,2.8334679233900317,4.573921088892141,-2.3499597650871777
1000,33.334344660194176,RIGHT,21.700536739321517,4.864514437771845,2.726310993933737,4.32506043473846,-1.5987494408321368
1001,33.36767900485437,RIGHT,22.506091096910616,4.524768306458498,3.3664605394280898,5.758260375567508,-2.3917998361617094
1002,33.401013349514564,RIGHT,25.12426422055938,3.108641311971269,2.776958471943118,5.370994695535706,-1.9712805364123795
1003,33.434347694174754,RIGHT,25.978338413366554,3.2704879232000508,4.484606009561304,4.763641690726178,-0.27903568118154
1004,33.46768203883495,RIGHT,29.55135067539402,1.8312759200107394,4.323210701587072,6.493525549661602,-1.547559183820212
1005,33.50101638349515,RIGHT,30.391844275204885,0.9974790245354086,4.47605521611635,5.61758059012683,-0.5254654656278461
1006,33.53435072815534,RIGHT,32.462488693847575,0.6048231450159278,5.473105857402601,5.2812406284451185,0.8146209161506732
1007,33.567685072815536,RIGHT,33.28658184510717,0.2125751658633419,6.1595960395773375,5.663706462392564,1.1119494631982718
1008,33.601019417475726,RIGHT,33.407824589711296,1.867678839463366,3.5216329205586874,6.88172363063695,-1.4924118706635028
1009,33.63435376213592,RIGHT,32.42359314958298,3.670155541875971,1.5560083627119923,9.887988815577799,-5.080034852547158
1010,33.66768810679611,RIGHT,31.04617791574531,1.0861156844490552,5.567285886874458,11.093723011557849,-4.867893947131918
1011,33.70102245145631,RIGHT,31.377405702643085,3.9266733177395565,3.2065996769695175,10.491477012331599,-4.62187656931674
1012,33.73435679611651,RIGHT,31.354339589600073,4.831825012546517,3.672645505659119,9.912751789453717,-3.5137953859314024
1013,33.7676911407767,RIGHT,29.502218269940197,5.856013585438177,2.788707679870555,10.757967088390004,-4.602798745115834
1014,33.801025485436895,RIGHT,30.32269232465718,7.281669062467444,1.5481577524998045,9.648044983666402,-3.701181722359678
1015,33.834359830097085,RIGHT,29.480373293722977,6.693864905164162,3.65365316512316,9.637538112930946,-2.656480706101064
1016,33.86769417475728,RIGHT,29.408211772003288,6.363831646974916,4.492581325860158,10.491477369674934,-3.3664612664134665
1017,33.90102851941747,FRONT,,,,,
1018,33.93436286407767,FRONT,,,,,
1019,33.96769720873787,FRONT,,,,,
1020,34.00103155339806,FRONT,,,,,
1021,34.034365898058255,FRONT,,,,,
1022,34.067700242718445,FRONT,,,,,
1023,34.10103458737864,FRONT,,,,,
1024,34.13436893203883,FRONT,,,,,
1025,34.16770327669903,FRONT,,,,,
1026,34.20103762135922,FRONT,,,,,
1027,34.23437196601942,FRONT,,,,,
1028,34.267706310679614,FRONT,,,,,
1029,34.301040655339804,FRONT,,,,,
1030,34.334375,FRONT,,,,,
1031,34.36770934466019,FRONT,,,,,
1032,34.40104368932039,FRONT,,,,,
1033,34.43437803398058,FRONT,,,,,
1034,34.467712378640776,FRONT,,,,,
1035,34.50104672330097,FRONT,,,,,
1036,34.534381067961164,FRONT,,,,,
1037,34.56771541262136,FRONT,,,,,
1038,34.60104975728155,FRONT,,,,,
1039,34.63438410194175,FRONT,,,,,
1040,34.66771844660194,FRONT,,,,,
1041,34.701052791262136,FRONT,,,,,
1042,34.73438713592233,FRONT,,,,,
1043,34.76772148058252,FRONT,,,,,
1044,34.80105582524272,FRONT,,,,,
1045,34.83439016990291,FRONT,,,,,
1046,34.86772451456311,LEFT,21.85549210503732,5.132083143984403,3.1518238135070646,9.141640223524895,-10.913109963558398
1047,34.9010588592233,LEFT,21.083142909222115,4.718824791942069,2.5992294049809175,8.841814237436292,-10.060689517760707
1048,34.934393203883495,LEFT,20.14428251656388,4.106665224352724,2.561543084805237,38.29016212582043,-39.47135108432917
1049,34.96772754854369,LEFT,20.853661180254196,4.815624286102235,1.4226528017477733,31.504266719204193,-30.881511031993213
1050,35.00106189320388,LEFT,20.360131814141063,2.6072440037555396,2.8214711461049546,8.841814886699296,-5.338283373041477
1051,35.03439623786408,LEFT,19.946066332361227,3.135650969385523,3.031438940481479,15.446316367692557,-11.14184740718386
1052,35.06773058252427,LEFT,19.02263702306447,1.568789615216815,6.044870671558357,17.684391381413754,-11.009922076966632
1053,35.10106492718447,LEFT,19.405970049222006,0.3611979089961608,10.698729402125451,9.162347395287727,0.20416220464538526
1054,35.13439927184466,LEFT,18.61708134361109,0.9166542197568788,12.464932358392446,16.189206871521968,-3.7242745131369333
1055,35.167733616504854,LEFT,14.858614447933041,1.3639275316593,10.336554146508973,11.406552583972406,-2.4339259690759008
1056,35.20106796116505,LEFT,17.354023949225088,1.2453642143929073,12.446161542384743,9.811257273205708,1.3895400548399977
1057,35.23440230582524,LEFT,17.245708591833292,2.363871245668747,10.275038346174682,9.246112934234091,-0.8802269814526227
1058,35.26773665048544,LEFT,17.02052492822035,2.5168755498676205,10.040695671574326,5.984952568277101,1.5388675534518796
1059,35.30107099514563,LEFT,15.208195515967956,2.9509262260170033,7.9572075184181585,2.748088238780565,2.6922436764847077
1060,35.334405339805826,LEFT,16.883145205221034,3.2229002528405033,6.1395720991556,0.0,3.778197543459328
1061,35.36773968446602,LEFT,15.69530935628135,4.013272288357484,4.49320839928933,0.8814039583236718,1.3211942989695729
1062,35.401074029126214,LEFT,15.297864156667302,5.156292655845874,1.748946119648565,1.7760441768873987,-3.4607285673258446
1063,35.434408373786404,LEFT,13.957562139321992,6.3046077995678615,1.1862931192908945,3.9115718125286625,-7.345202174978823
1064,35.4677427184466,LEFT,14.53754322501287,7.377083209918993,1.7285131923007384,4.844000167745842,-8.7699080397431
1065,35.5010770631068,LEFT,14.623420241395213,7.599274149143753,2.3513907859514234,7.125016348901798,-11.050924052585273
1066,35.53441140776699,LEFT,14.023225096731604,8.577170454509258,1.8113674349794167,10.437475776108306,-14.966299825277446
1067,35.567745752427186,LEFT,15.09569698440355,8.012142507400398,1.206418499006645,9.22392265625604,-13.84384594806545
1068,35.601080097087376,LEFT,14.821251055935234,5.959025134183207,0.7022036342707167,9.147080571929193,-13.111735212578026
1069,35.63441444174757,LEFT,12.156448408070046,6.539305923231694,1.9452732672177433,8.063246000241557,-11.365111743180478
1070,35.66774878640776,LEFT,12.881170909366812,5.569851914983872,1.9884435248425234,8.063246165697251,-10.78955715960305
1071,35.70108313106796,LEFT,11.830723095764778,3.867680994606843,0.6811449623046713,8.063246165697251,-10.815731565965478
1072,35.73441747572816,LEFT,11.162713671040246,4.425098465355461,1.93975725416567,7.997473795757102,-9.634050770248237
1073,35.76775182038835,LEFT,10.719311287879309,4.725797152174152,1.79705328425149,5.617580704359746,-7.254157712500529
1074,35.801086165048545,LEFT,9.770891198866854,3.711169573232752,1.7606991467519038,6.493525181303474,-7.595231318961552
1075,35.834420509708735,LEFT,9.528417671840788,4.613753456952708,2.750961695245138,5.75826016436676,-6.309164143585065
1076,35.86775485436893,LEFT,8.25474852340565,5.423450712295676,2.735028937647485,5.572197803963795,-6.107656789528093
1077,35.90108919902912,LEFT,6.52650657814137,6.341967788440542,3.2476963239118675,5.7582602820516,-6.288761587810271
1078,35.93442354368932,LEFT,4.847059419892385,7.497058114349159,5.059325450785934,5.710593253237911,-5.180091947386629
1079,35.96775788834952,LEFT,4.874905836578249,8.963370992062494,6.124359567102346,6.182930416461537,-5.150685767036336
1080,36.00109223300971,LEFT,3.3989110299018566,9.360008616393998,5.594696905727574,5.758260046753895,-5.255678369698515
1081,36.034426577669905,LEFT,3.720498049447607,10.793768244261315,6.595687233036699,5.957131114708213,-4.96078321820309
1082,36.067760922330095,LEFT,3.9729620708815814,9.880956540705512,5.7599895872446325,5.710593137499642,-4.7142452409945435
1083,36.10109526699029,LEFT,4.318889168584426,10.912280622525032,7.403962725294122,7.471559176592376,-5.4794656036257265
1084,36.13442961165048,LEFT,3.9845117205381837,10.501647582328559,6.730678237431505,3.9793823713605816,-1.9155626006305653
1085,36.16776395631068,LEFT,4.799774917139298,10.219856102453093,4.958152497426397,1.4320961545945305,-0.3998514417106094
1086,36.20109830097088,LEFT,4.726363838706369,8.993273675345506,2.83411089921276,1.8778775249613477,-1.8778775249612778
1087,36.23443264563107,LEFT,4.682078967304392,8.449190118740631,1.2041158400208474,2.815556800974204,-3.8571834337270445
1088,36.267766990291264,LEFT,4.770023488398751,7.800187884189796,0.10813426346405208,0.9391909457355799,-2.5157410009192063
1089,36.301101334951454,LEFT,5.785013929425284,7.811467381669047,0.06116440522239941,2.366248090444667,-3.9573882950343346
1090,36.33443567961165,LEFT,5.565949208607618,7.260869447914644,1.0193903243645366,2.3090626919582604,-4.430159177800391
1091,36.36777002427184,LEFT,5.9984511535956395,7.819992981732213,1.0407426595167237,1.7899105703162406,-3.891564942512389
1092,36.40110436893204,LEFT,6.74624526203433,7.360771436821892,0.97016568411658,1.8039950778622122,-3.8865604018417628
1093,36.434438713592236,LEFT,7.541196472428925,8.395658346938092,0.6043323631063515,1.7899105699597637,-2.822155283614734
1094,36.467773058252426,LEFT,8.095718551065215,8.657453233716865,0.12245939648576609,3.058697705702955,-4.620922555232539
1095,36.50110740291262,LEFT,8.958132539277678,9.699362714874695,1.2263278864251674,2.6837751015483993,-3.7254018000662796
1096,36.534441747572814,LEFT,8.859981076036243,11.272893936078816,2.912774050875413,2.683775101438996,-3.204631487218876
1097,36.56777609223301,LEFT,9.656476361582373,12.352876725170233,4.442071933468242,2.6224014605410915,-2.1062372307761734
1098,36.6011104368932,LEFT,9.905408293265143,11.883748905992519,5.067515762866748,3.521453376922238,-2.498423188254307
1099,36.6344447815534,LEFT,9.69411895136462,11.946330141835887,6.182148398517796,5.624628041445911,-4.06240312460335
1100,36.66777912621359,LEFT,10.595685491130093,13.607152229724875,8.3704511004251,6.054191894114834,-3.451629691614883
1101,36.701113470873786,LEFT,11.412154987361511,13.03179979307356,9.585340332501914,8.906744183779752,-5.3304098087821785
1102,36.73444781553398,LEFT,11.309932700147524,13.6616502995455,11.090401873657157,8.652541601032393,-4.098773520724592
1103,36.76778216019417,LEFT,12.400126407860293,14.089874759051071,11.118824201715057,7.0227936800760355,-2.5088051215360423
1104,36.80111650485437,LEFT,13.016600080085443,13.365787169070785,9.402676404563067,6.581944655178011,-3.0056102801805338
1105,36.83445084951456,LEFT,12.760148257511887,11.791874193835753,7.246005546688025,5.754565588368612,-3.1754182040119616
1106,36.86778519417476,LEFT,12.234514643221488,12.091892684308561,7.0203890048378526,6.146625385037342,-3.567477768794575
1107,36.90111953883495,LEFT,11.096342486700234,12.005464707681625,7.156411293450731,7.8957650942937825,-5.406212172294417
1108,36.934453883495145,LEFT,12.159395790028102,11.327242376676566,4.491292044444236,7.485038950373337,-6.49727855073327
1109,36.96778822815534,LEFT,9.997474917413902,10.175293473760377,4.398705452137733,6.661301493826799,-5.153865701740898
1110,37.00112257281553,LEFT,9.04437410661797,10.244514420523473,3.3242384297596743,5.920620455778093,-4.957756787847202
1111,37.03445691747573,LEFT,9.397595172811043,10.023998787177646,2.7507893944051887,4.658254109675612,-3.678934455335991
1112,37.06779126213592,LEFT,9.826413296842416,8.414367766375022,1.0845740898538168,4.658254210135079,-4.164337322214465
1113,37.10112560679612,LEFT,11.11722429528906,7.707485722974752,0.4896955933069762,4.267893300290812,-3.7781977071614534
1114,37.13445995145631,LEFT,16.15022798275679,8.190861029218382,0.48969557225882454,4.267893483040641,-3.7781979109566066
1115,37.167794296116504,LEFT,19.28102685027457,6.126690327450376,0.6503039795285304,3.416588337632957,-2.909559298414493
1116,37.2011286407767,LEFT,23.24568148560366,6.10283448481465,0.6829772717958065,2.9903451021370233,-2.492133510714993
1117,37.23446298543689,LEFT,28.33578132301911,6.577510747256014,0.19207005688909362,2.6224014605410915,-1.6084227377557312
1118,37.26779733009709,LEFT,31.764974989943436,6.526297080974928,0.18484102506027966,1.76239094938611,-0.7660430108729486
1119,37.30113167475728,LEFT,38.424341498829065,4.564317429387501,2.3950869145784566,2.5830206686350574,-2.057386062177372
1120,37.334466019417476,LEFT,42.22145994993135,3.6737142819183646,2.4895529741821463,2.6025621478708474,-1.5885834037767808
1121,37.36780036407767,LEFT,43.85423716182749,2.8719624870161624,1.9338877592587664,1.7623910236605125,-0.22804952395973999
1122,37.401134708737864,LEFT,45.617278930076,2.790416544190464,2.461904968808227,2.6224014605410915,-1.5807747845310587
1123,37.43446905339806,LEFT,47.86424654224782,2.2118429670500177,1.3986578311149458,3.9301754645699862,-1.7892740539409715
1124,37.46780339805825,LEFT,51.515918995310685,1.4157269603778673,1.923389098635539,3.5214535219281555,-1.4003572127491992
1125,37.50113774271845,LEFT,53.584543790722364,0.4225275876648027,2.498827085032019,1.7623910236605125,0.358705373000916
1126,37.53447208737864,LEFT,55.7117738333892,3.2553561948956258,0.2027884713309902,2.236978972018082,0.857079213227891
1127,37.567806432038836,LEFT,55.49147741857539,0.636050001122868,1.5250295309170383,1.40862870665105,1.193933548799663
1128,37.601140776699026,LEFT,56.06874492969758,0.6780249108488761,0.9915587211370394,0.47350805873492635,2.620550000182078
1129,37.63447512135922,LEFT,57.93554468461293,0.3395673522948641,0.07800999866739744,1.4086287637864257,2.6409528579408033
1130,37.66780946601942,LEFT,59.98394008042616,0.3745977897109185,0.041974924358584076,1.3639275316029187,2.7216892483718453
1131,37.70114381067961,LEFT,61.238601573002434,1.1404421677610799,1.7407252154452522,2.815556740249421,1.270059958553901
1132,37.73447815533981,LEFT,61.99924417162879,0.9096796244170662,1.2895712895973475,2.327815182290825,1.7944824647462099
1133,37.7678125,LEFT,63.22507571003845,1.1223461859001986,1.800371123075223,0.0,4.085616940700177
1134,37.801146844660195,LEFT,63.3407467127575,1.424485771007852,1.9501586710707102,1.8476101932502766,2.274687780389499
1135,37.834481189320385,LEFT,65.0258608290816,1.9721704103638444,2.653358357642418,0.0,4.122297811783497
1136,37.86781553398058,LEFT,63.59938864347594,0.9279998532948923,1.2753807230565428,1.4086287633805878,2.232556422200034
1137,37.90114987864077,LEFT,65.71427559928316,1.1252168317979567,2.6361133361053817,2.3662478964138676,1.2749375075105576
1138,37.93448422330097,LEFT,65.73390953831148,1.6407110036905692,2.2447103888278264,1.8933858833762083,2.266256327896059
1139,37.96781856796117,LEFT,66.67907808336358,0.530412810456113,1.5702204790985377,1.9251837850851445,2.2724844051766553
1140,38.00115291262136,LEFT,67.76865024818245,4.361977211233182,3.1798300581493777,1.893385883384205,2.742077451706379
1141,38.034487257281555,LEFT,65.06570489742451,1.5136567989170544,1.6418350627404834,2.3278150890411546,2.3076483378614085
1142,38.067821601941745,LEFT,65.45515826088769,5.520855666254505,3.418951086098275,2.385943982775355,2.249519536335086
1143,38.10115594660194,LEFT,60.92641831674682,7.062851678419918,3.570507654810484,1.3971810556006554,3.615932598356153
1144,38.13449029126213,LEFT,58.31904468166947,6.307857912853507,2.758045068251789,2.309062742667608,2.7481858910065995
1145,38.16782463592233,LEFT,56.41776682640669,8.685100196269389,3.1876499958832483,2.9609360748216718,3.0480700024351677
1146,38.20115898058253,LEFT,51.42976131318851,7.884420318203183,2.902043310821142,0.0,5.46384281323644
1147,38.23449332524272,LEFT,50.84974076499377,9.408843475192555,2.520529092125571,1.4202656047119682,4.974131900043716
1148,38.267827669902914,LEFT,49.55565282797604,10.987299015153155,3.5584449582780167,1.3322199082805701,5.117314534272978
1149,38.301162014563104,LEFT,47.43982385517272,11.77364764744226,3.684070528023028,0.48554581049494394,6.13523053554691
1150,38.3344963592233,LEFT,43.41930928688184,10.612638353873109,2.617843499805957,0.481465796073123,6.081232844815744
1151,38.36783070388349,LEFT,44.66679189544357,6.499103351166838,2.6321181847761466,2.4059705166453,2.835849430334136
1152,38.40116504854369,LEFT,41.27413613263623,3.303579042929556,0.1955479844391732,2.3662478961749276,3.3443454700111204
1153,38.434499393203886,LEFT,35.821021383536745,0.2063529803125732,4.168880113781768,3.7429881514687713,3.058326932854456
1154,38.467833737864076,LEFT,33.69006752598524,0.1475741223532907,2.488222287798294,3.48327146899767,2.3323550604934695
1155,38.50116808252427,LEFT,26.880490219614643,2.570647552058688,3.00101224826534,5.545317308862041,1.4466080378056887
1156,38.534502427184464,LEFT,24.605123121551816,3.865924680848508,1.3344022163754516,4.720137106348778,1.4350310090482168
1157,38.56783677184466,LEFT,20.039107591776546,2.7260426384246443,1.7899106082923026,4.316027519865624,1.6085544621167998
1158,38.60117111650485,LEFT,18.18502334367872,3.294840976362906,1.1059587523611754,4.23639479905884,1.6332056439558045
1159,38.63450546116505,LEFT,12.591114730837608,4.592878149639972,0.9522743223921566,4.122297811783642,0.49762566987672585
1160,38.667839805825245,LEFT,10.831651891511344,2.8358042932654826,1.012585126759035,4.48460585064257,0.8712193816535887
1161,38.701174150485436,LEFT,9.631894876534169,4.075856453408562,0.4436933715655016,3.674499520829663,0.9454239608306949
1162,38.73450849514563,LEFT,10.307082881650002,2.3957674831044926,0.6099391251105715,5.147884824136303,-0.24879237034852508
1163,38.76784283980582,LEFT,11.116738936958397,1.6544170737702188,2.337305771137835,3.0940581768295243,2.775542043628022
1164,38.80117718446602,LEFT,11.717058724673121,3.704773223419238,0.36072418510082116,4.720136747170685,0.7201954954475127
1165,38.83451152912621,LEFT,8.395693721186325,1.4182517544454356,2.011832485542385,2.1409014486219204,3.1983351508649775
1166,38.86784587378641,LEFT,7.029928728835688,0.5930083671440514,2.68751890178288,3.9646548730273996,1.3254261324681096
1167,38.901180218446605,LEFT,7.680006136326799,1.1034418717835877,1.43089425261374,2.8624052261117474,1.8577317049317372
1168,38.934514563106795,LEFT,7.812282506892448,0.6692653643351321,3.245757101145074,4.014175855616453,1.748456801794319
1169,38.96784890776699,LEFT,7.61471223893724,0.6419426816428597,3.3260737386899564,3.513750120833989,2.301876638984254
1170,39.00118325242718,LEFT,8.253407444203242,0.07040025777422443,3.378978349210655,4.436474397725252,1.3791522467019632
1171,39.03451759708738,LEFT,6.193459750846111,3.013629630984724,1.2966337180066319,5.46384281323664,-0.22202286625707757
1172,39.06785194174757,LEFT,4.538234143877743,0.5892510983997283,3.817746526110284,4.553768155439253,1.2618581495223111
1173,39.10118628640777,LEFT,4.3558374671438145,0.12732374049105033,3.894666281312965,3.6411853999839066,2.228414814978791
1174,39.134520631067964,LEFT,1.4737846212673815,0.3693562284368852,4.4834066756399125,4.513988458001263,1.3016380714899185
1175,39.167854975728154,LEFT,0.30222097918615015,0.46369981722128273,4.48924636958958,3.5447664555948797,2.324833987419737
1176,39.20118932038835,LEFT,3.6904978129394923,0.702131573656203,5.059532757287201,4.474896506246098,1.2356966312534894
1177,39.23452366504854,LEFT,3.669525860339504,1.3322199074332275,5.102165456286883,3.945186071029386,1.1569793852403194
1178,39.26785800970874,LEFT,5.946862817506033,1.9978797765555214,2.6795378958776155,2.9609362525506704,1.7164814198120268
1179,39.30119235436893,LEFT,7.719149391018576,1.5537354234120642,2.8552165305468122,5.013113755035808,-0.1600173680434409
1180,39.33452669902913,LEFT,10.619655276166911,1.9978798565126965,3.0942352680510226,4.014175695411026,1.077939429087877
1181,39.36786104368932,LEFT,9.51253796444092,4.2616345395651365,1.6272833852338806,5.057248336336044,-0.06350415672838494
1182,39.401195388349514,LEFT,11.942482582130467,5.952974564236911,0.09018580395456866,3.4832713367164008,0.5612143909268497
1183,39.43452973300971,LEFT,12.579079481341811,3.7437789759287625,2.2649906311715426,1.4814571149022027,3.6106582011033765
1184,39.4678640776699,LEFT,13.934569095160619,3.55648022177931,2.4596802555479655,3.878524502847706,1.213590621651207
1185,39.5011984223301,LEFT,13.746512499963371,4.64937990127882,1.2014199952820945,2.8387878410053813,1.6900363959270805
1186,39.53453276699029,LEFT,15.036015451731423,4.356767301080936,0.5970987224696387,3.3664606634298013,0.6780249107512617
1187,39.567867111650486,LEFT,13.77923326975179,4.864159686380702,1.0845963541887897,2.9866369904751666,1.5872842694256235
1188,39.601201456310676,LEFT,13.552065778961074,5.576940693334933,0.9521354608914407,4.197668203251783,0.42225544767165957
1189,39.63453580097087,LEFT,13.709942041659142,5.020459722011907,0.5941021283873624,3.150716528696281,1.0197198435908206
1190,39.66787014563107,LEFT,11.76432144731191,4.973852468251806,0.6859026474509164,2.46811781789589,0.9315964732232516
1191,39.70120449029126,LEFT,12.127091034940007,5.441447016900781,0.4718783570058349,3.23970029610213,0.7644726446072241
1192,39.73453883495146,LEFT,11.309932862495362,6.940324538647843,0.9376541165142953,3.150716300089666,0.42561820329977706
1193,39.76787317961165,LEFT,10.409215482770762,8.3017949685308,2.1174379349397725,2.2906100426385296,0.8543474220594476
1194,39.801207524271845,LEFT,12.685950136492817,6.282192748130683,0.7366194349920647,2.2457425658950716,0.8317128335292665
1195,39.834541868932035,LEFT,11.992256838686275,3.6875333773365355,1.202455798313764,5.33923660932606,-1.905606121424725
1196,39.86787621359223,LEFT,11.534025030186422,1.176148204634643,2.7349360821625908,2.7263108914162912,0.707319600000119
1197,39.90121055825243,LEFT,11.74045766247006,2.8465195023519243,2.5114845861101003,1.562224858256044,2.363682992269105
1198,39.93454490291262,LEFT,10.386896660559662,3.973130162505356,1.3383778484174798,3.012787390120171,0.42084310225482113
1199,39.96787924757282,LEFT,8.992695188349836,0.4696270198501509,3.88790956085586,3.5137502606049664,0.3741593002280865
1200,40.00121359223301,LEFT,9.007603003083606,1.153413199939905,3.151944318962933,2.5113633645946063,1.3392753101841208
1201,40.034547936893205,LEFT,8.012788175031021,0.45835645816703163,3.8140748343140842,3.576334374997351,0.23774045929299348
1202,40.067882281553395,LEFT,7.886973306336181,1.6893622881727879,2.665193124902828,3.6084688525663444,-0.20875469344308328
1203,40.10121662621359,LEFT,6.662963627490346,0.4620527215928121,3.8140748343134305,4.361572645020596,-0.5474978107302206
1204,40.13455097087379,LEFT,7.720985193055129,0.25751970038731997,5.573129351788111,4.635463426902643,0.2636290268851127
1205,40.16788531553398,LEFT,5.862738186694232,0.4774537953833544,3.3997142864291447,3.094057943033767,0.305656343369364
1206,40.20121966019418,LEFT,6.011142424795063,2.8523617305903883,1.4020148322063335,2.5791475002834177,0.2549635160230821
1207,40.23455400485437,LEFT,6.805377938218563,0.4696270198470529,2.8063702518195157,1.5911402711945872,1.2152299805936053
1208,40.267888349514564,LEFT,7.842426410192862,0.21148111709919704,4.5541097085796025,3.6411851159565076,0.24672459638222222
1209,40.301222694174754,LEFT,7.354572187086126,3.06792438117634,1.3940911121495958,3.513750331067708,-0.7874393918879008
1210,40.33455703883495,LEFT,7.394923522825204,0.902221126232547,3.366460531730354,3.641185400321726,-0.27472486861833545
1211,40.36789138349515,LEFT,8.07640405510602,2.08461215419058,2.667766178824394,3.483271601783866,-0.11681106670816632
1212,40.40122572815534,LEFT,8.931153021348182,2.6164718015689346,2.7609098904051734,2.7263109939062655,0.7419182650108382
1213,40.434560072815536,LEFT,8.454361115688698,3.7831249156122624,2.03644925893056,3.150716531472179,0.28291370220865986
1214,40.467894417475726,LEFT,7.646331333024954,6.35954469136351,0.015105668516980586,3.6411852579013417,-0.6904061488949651
1215,40.50122876213592,LEFT,7.7820156311729685,3.3099736314723884,1.4591734121185027,1.562224916842398,1.3290446793781143
1216,40.534563106796114,LEFT,8.134528844160018,5.110417374612496,0.7459773793657689,3.708428292231164,-0.7877068777477518
1217,40.56789745145631,LEFT,8.929500771772412,5.013531769892126,1.3287874811960876,3.039399681468642,0.46413183366843214
1218,40.6012317961165,LEFT,9.075804939957667,5.138271608201535,1.3369610068516806,3.122130462115708,0.41742870643422236
1219,40.6345661407767,LEFT,8.372187247258788,4.699292352316576,0.6895468882913462,4.594253496512512,-1.6735320808335814
1220,40.667900485436896,LEFT,8.493645293106415,6.160543560055174,0.577182402136799,1.1344216309770068,1.3824540259624456
1221,40.701234830097086,LEFT,9.700392266935552,3.6285322804430393,1.6723944185897608,3.0127874005227735,0.16704282872645138
1222,40.73456917475728,LEFT,10.441203038957939,4.17821498283493,1.6879584920357047,1.7714698006122211,1.4440140813383096
1223,40.76790351941747,LEFT,8.105663691507752,3.4437346010671774,1.4819783413534537,3.814074971553204,-0.8632959688670354
1224,40.80123786407767,LEFT,6.743389603494788,2.6164718985783395,2.726311094775582,3.742988157226258,-0.3093576677012919
1225,40.83457220873786,LEFT,7.24391332163026,2.1338531141523163,2.137181006787955,2.5791474040294693,0.2832579288739794
1226,40.86790655339806,LEFT,6.185825172647004,0.9391909104018907,2.8063701461487653,3.7084282966014186,-0.9020581504846064
1227,40.901240898058255,LEFT,5.133265654828492,0.24049657219663345,4.032545197478214,1.5911402107671024,1.742710577160011
1228,40.934575242718445,LEFT,5.03020898843142,0.9166542915273226,3.333850788819774,3.453316118735946,-0.11946532994262782
1229,40.96790958737864,LEFT,4.931168319370475,0.8951737102923971,3.3664606634567917,3.9793824526782045,-0.6129217892483894
1230,41.00124393203883,LEFT,3.8614205292299237,1.5532815418060295,2.7486537789264673,4.085616779974877,-0.6859026208515928
1231,41.03457827669903,LEFT,3.95513398859467,1.591440842417967,2.684400270290695,4.436474485657365,-1.0700138222275228
1232,41.06791262135922,LEFT,5.624842347575109,0.4476141799451341,2.7524854550760267,3.453316181870265,-0.7008307268266663
1233,41.10124696601942,LEFT,7.234928643962584,0.8951737102928234,2.7524854003013957,3.9793824526782045,-1.2268970524094698
1234,41.134581310679614,LEFT,6.797882234329856,2.649132154400803,1.4355729376109991,2.4895530208570262,0.2629322701436223
1235,41.167915655339804,LEFT,7.314232667480991,3.1082641072524666,0.8086815125651299,3.846030090047376,-1.7051287237242008
1236,41.20125,LEFT,8.44158269808612,2.4209342012544823,2.067767816386862,4.8852025681173,-2.158891574210955
1237,41.23458434466019,LEFT,8.001375247164887,4.200477849718567,0.7027494529218359,3.9115719691320425,-1.2109427400350228
1238,41.26791868932039,LEFT,8.1171012698673,3.6075224484521016,1.9535755174347855,3.0664855011258934,0.2040024220576555
1239,41.30125303398058,LEFT,8.829744328853662,3.1377977646674537,1.404598064834886,3.8785246554874875,-1.1260393637076902
1240,41.33458737864078,LEFT,9.007465948403073,3.1497519117584147,2.0495482576801294,4.085616779974877,-0.7191561165450508
1241,41.367921723300974,LEFT,9.46547067377471,2.7227220607947515,2.01857338327531,3.9793824526782045,-0.6129217892483894
1242,41.401256067961164,LEFT,9.266207814906004,3.136215093173462,1.4741504557064218,4.049581544791039,-1.2432111829850214
1243,41.43459041262136,LEFT,9.992323995123073,3.604669586673168,2.481854980456859,4.014175695411026,-0.20010086112066006
1244,41.46792475728155,LEFT,9.280292325466341,3.13779801232576,1.9226007187016023,3.012787385416653,0.2577006666499386
1245,41.50125910194175,LEFT,10.911581774125018,2.019391923999592,3.1478748641357583,3.0127875041833403,0.8012873301069732
1246,41.53459344660194,LEFT,10.26253214381355,3.7943544577396153,1.2250794100133078,3.945186307579061,-0.6746984495694193
1247,41.567927791262136,LEFT,11.554217156219368,2.004252413080337,2.71540039003861,5.2418197413688326,-1.8753589454550053
1248,41.60126213592233,LEFT,10.858908896342975,1.5459740859051578,2.7970368960278336,3.1507162897995222,0.2829142071549171
1249,41.63459648058252,LEFT,11.277721292705987,2.0185804154605194,2.7227148425694168,5.102165451846298,-1.7357049204347987
1250,41.66793082524272,LEFT,11.299364546789311,2.004252334045333,2.1830506361187076,4.04958170327138,-1.2154706869648066
1251,41.70126516990291,LEFT,8.6037158610115,3.091323934089644,1.4389819949971354,3.039399690345339,-0.3130888053901515
1252,41.73459951456311,LEFT,9.533887852724856,3.1082639835881594,1.4469469528231684,4.085616942057217,-1.306450188439868
1253,41.7679338592233,LEFT,8.427929468387665,3.7739241098547893,0.7812870077129048,4.04958170327138,-1.2704148391992476
1254,41.801268203883495,LEFT,7.572302930626202,2.6748438804348496,1.4469470102654327,4.04958170327138,-1.2704148391992476
1255,41.834602548543685,LEFT,7.737085268025607,2.6551447316909673,1.477214250007222,2.5335587880067605,0.24560818615570668
1256,41.86793689320388,LEFT,8.018172914971734,4.160734817675262,0.7513769831481909,1.9251837083231549,0.8011272855830782
1257,41.90127123786408,LEFT,8.001375405034262,4.865598831177607,0.4172581921256153,4.049581783560423,-1.8038392622934083
1258,41.93460558252427,LEFT,8.441582863260344,3.76027095558581,0.2047183098418941,3.4832713992469033,-1.2806731933098519
1259,41.96793992718447,LEFT,8.441583029280958,3.0643438195425574,1.4505327859850183,2.4263357340573584,0.32614977683039115
1260,42.00127427184466,LEFT,8.92446542184304,4.190622530102303,0.7311204600422911,3.9115718125286625,-1.1590864122599385
1261,42.034608616504855,LEFT,8.259033919539949,3.0658585122213253,0.8647290152864002,2.9356733872714535,-0.754031939728435
1262,42.067942961165045,LEFT,9.331332352427752,3.0946110020359754,1.3940911960637266,3.423871107461716,-0.6975600039981344
1263,42.10127730582524,LEFT,8.427929633492736,3.0779969877935116,0.9006455073555628,4.01417561499487,-1.8115774090031067
1264,42.13461165048544,LEFT,8.414063442973433,3.0772396733603387,0.9152692570412739,4.014175534666697,-1.81157728449746
1265,42.16794599514563,LEFT,8.245588455236923,3.76027072948915,0.2047182975558428,3.066485623849505,-0.8638875503153116
1266,42.20128033980583,LEFT,8.24558893902678,3.7602709554681724,0.20471830983476025,4.049581622376896,-1.846983416508536
1267,42.23461468446602,LEFT,8.441582862966685,3.09461093953297,1.4202655748489406,2.5113632169042357,0.24112223843452796
1268,42.267949029126214,LEFT,7.51021075355689,3.7602708801569804,0.20471830574180672,2.447048642323615,-0.24445048055780205
1269,42.301283373786404,LEFT,7.314232667480641,3.092956659175343,1.4894578460570642,3.4533162505310924,-0.6469459987428223
1270,42.3346177184466,LEFT,7.726349090510525,2.0005210287335444,2.197517353903777,3.122130584994002,-0.2880196802690449
1271,42.3679520631068,LEFT,7.726349389235749,2.0149879118688148,1.594682185722462,3.039399568926921,-0.7936570030318109
1272,42.40128640776699,LEFT,7.726349688918426,2.0076733252184624,1.601996915064177,2.511363167936713,-0.2656205132874021
1273,42.434620752427186,LEFT,8.203984685255818,3.105947788803064,0.9437898934124007,3.945186229037563,-1.6994436631424321
1274,42.467955097087376,LEFT,9.951802463274246,3.5518753359921504,0.8703782906005983,2.9609361933710634,-0.7583380756837954
1275,42.50128944174757,LEFT,8.874067630909412,3.5365680299010194,0.9070488528550698,2.9866369306725384,-0.7626756457198383
1276,42.534623786407764,LEFT,8.874067458373995,3.5216082257975927,0.36638477596815733,3.9115718125286625,-2.2432343642352635
1277,42.56795813106796,LEFT,9.090276920836281,3.5365679590119896,0.9070488346943364,2.9866369904751666,-0.7626757500896559
1278,42.60129247572816,LEFT,6.605682862737856,1.3639275316563442,3.3018656744615384,3.122130462115708,0.17973521231928657
1279,42.63462682038835,LEFT,8.45502767719223,3.0968333247769806,0.3204501683911758,3.0127875041833403,-1.344450055889979
1280,42.667961165048546,LEFT,7.018027085957772,3.556527780841577,0.900645525284034,3.0127873837614296,-0.8101891338815221
1281,42.701295509708736,LEFT,7.984318479866936,4.217535578474127,0.3455751929071198,2.935673329036921,-1.283368585238307
1282,42.73462985436893,LEFT,7.468606953679735,2.462538392351462,1.5230982869546779,3.5137501202569936,-1.3321086294307918
1283,42.76796419902912,LEFT,8.001375559981799,3.53481801565664,0.2512956675759028,3.878524502847706,-2.797600316186916
1284,42.80129854368932,LEFT,8.170731930372167,2.903178917294383,1.515441372727139,2.9609362527153453,-0.7792949365847477
1285,42.83463288834952,LEFT,7.018026947677119,3.556527709199031,1.4772142208502999,3.012787444386042,-0.23362052513836318
1286,42.86796723300971,LEFT,7.018026811283686,3.5714873717489013,0.9288301602004765,2.96093613416375,-0.7151935682686599
1287,42.901301577669905,LEFT,7.03562257646154,3.5389316654246556,1.477214162135482,1.9749340502870827,0.8042327583763438
1288,42.934635922330095,LEFT,7.520198709118221,4.000687645558941,0.844167099467029,2.489552872051716,-0.32847334045452214
1289,42.96797026699029,LEFT,7.3278858971792875,2.428590993874394,0.9549459435672532,2.3859440303888126,-0.7647981167353635
1290,43.00130461165048,LEFT,5.7150352020991,3.541903764836462,0.3338169589602842,3.9451863875455104,-2.324040539197142
1291,43.03463895631068,LEFT,6.853297585976701,3.538931592861644,0.8591267810329555,3.8140749882610114,-1.6529955874506186
1292,43.06797330097087,LEFT,6.326107237976533,1.8039951162423904,2.140901366364659,1.9580674292340414,0.18283393708904327
1293,43.10130764563107,LEFT,6.630056483155158,4.64042515055732,0.345575179097267,3.0127875041833403,-1.3604828265319782
1294,43.134641990291264,LEFT,5.875527272074564,3.5419038362158233,0.33381696568042685,3.9451863082279504,-2.3240404272008277
1295,43.167976334951454,LEFT,7.314232956939621,2.4271047316425722,1.4898410462757852,2.3859439340916877,-0.2450424813419403
1296,43.20131067961165,LEFT,7.035622575015564,3.53893166468157,0.8591267984498074,2.886418602010408,-0.7253391573505041
1297,43.23464502427184,LEFT,7.3278856068334655,3.094610752430299,0.2889260484356839,4.219095519310599,-2.597949671203608
1298,43.26797936893204,LEFT,6.487714461894728,5.26556275587734,1.026423683140024,3.7826455991683825,-2.1460686237187048
1299,43.30131371359223,LEFT,7.314232522850502,2.419789918733926,0.992831307503991,3.283862354061428,-1.64728534546866
1300,43.33464805825243,LEFT,6.407440409025685,3.070549413458167,0.8978553037920847,3.0127874438108324,-0.7670448328769197
1301,43.367982402912624,LEFT,6.3401917459303565,3.0918632808485427,1.4772141915544523,2.511363267163078,0.26780359690897626
1302,43.401316747572814,LEFT,6.165615518447857,3.105947911813189,1.4772142499341783,3.0127873850194677,-0.23362041099360908
1303,43.43465109223301,LEFT,6.7769104003949945,2.0117351313792824,2.1755678387842465,3.122130462115708,-0.2880194458091836
1304,43.4679854368932,LEFT,6.354058100817635,3.1239315335814695,0.8760739602943204,4.436474485657365,-2.2125132452717935
1305,43.5013197815534,LEFT,6.766175085063405,2.022470788915996,2.1478271587704114,3.0940579371710153,-0.28768757491860697
1306,43.53465412621359,LEFT,6.7769101361692785,2.011735051694046,2.1206236026986858,3.4533163870262213,-0.674149632896814
1307,43.567988470873786,LEFT,6.759155945387463,3.3436021367023727,1.9834140715629758,3.122130462115708,0.3114999003347947
1308,43.60132281553398,LEFT,6.963936856200631,3.309973507050586,1.4591733573989245,3.6411853944857944,-0.7499159068275674
1309,43.63465716019417,LEFT,6.759155945387625,3.3078090571710277,1.447982014772407,4.085616779974877,-1.223211553863095
1310,43.66799150485437,LEFT,6.922310452534875,2.0488717577993327,2.7256773662718388,3.4832713346262634,-0.08355704433958522
1311,43.70132584951456,LEFT,6.933217438252197,2.696147385499245,1.5301853723009344,3.48327146899767,-0.6208662428858958
1312,43.73466019417476,LEFT,6.787478588200513,3.3405040132691397,0.2927301978619994,2.5335587896871905,-0.2429486577853055
1313,43.76799453883495,LEFT,7.073963342423216,1.3971809744490145,3.9259075554662104,2.5335589842358046,1.39234857120735
1314,43.801328883495145,LEFT,7.9086739470017955,2.7118147073542502,1.5145178877680792,3.483271602911672,-0.6208664869329397
1315,43.83466322815534,LEFT,8.119698494825055,2.016661004025906,2.1051300489381504,3.513750122453694,-0.7345831490094668
1316,43.86799757281553,LEFT,8.37742839293458,2.2273936524446185,0.3361176080129553,5.013113557190525,-3.3447760427553987
1317,43.90133191747573,LEFT,7.213448097788526,1.5603999706071647,2.1903653021714433,3.1798301198642345,-0.3457191035577125
1318,43.93466626213592,LEFT,8.3774280670044,2.2591012418474463,0.8386706302743505,3.9115718125286625,-1.7089736507627862
1319,43.96800060679612,LEFT,7.582707399406535,2.6644398137736403,0.8917414220420596,3.39492340731629,-1.170962078505923
1320,44.00133495145631,LEFT,6.071676723327104,2.2262927681452993,1.5171985515106883,4.236394963824199,-1.4022840579666251
1321,44.034669296116505,LEFT,7.61471194204722,3.2279643394616073,2.053276289050217,2.511363267163078,0.9222670952874097
1322,44.0680036407767,LEFT,7.629482702099858,3.928092070584597,0.7671526616072697,4.398705354995532,-1.536300128883724
1323,44.10133798543689,LEFT,7.213447822849799,2.2645414490106646,1.4862236788157759,2.626405739782279,0.20770516703159103
1324,44.13467233009709,LEFT,7.468606944790924,3.8018751202014016,0.8645254031845298,2.6025621015896507,0.25984323547520205
1325,44.16800667475728,LEFT,7.699931184381849,3.783755964036061,0.2243776259589083,4.014175695411026,-1.7684331295158842
1326,44.20134101941748,LEFT,6.282492088181507,3.1645226718108006,2.0828017533727916,2.675426656029148,0.7242875030940894
1327,44.23467536407767,LEFT,6.28249184799117,3.800119167709312,0.8816019328367872,3.1221305833162587,-0.2880196770678083
1328,44.268009708737864,LEFT,5.750181568355208,2.691747186389591,2.049548257679618,3.0940580589171116,0.2724026045126777
1329,44.301344053398054,LEFT,6.50723436161042,3.85994126130646,0.7091362111610522,2.489552921999156,0.28961394207290425
1330,44.33467839805825,LEFT,6.493149853656306,3.8018749726965666,0.8084903954247693,2.511363267163078,0.29500698462516084
1331,44.36801274271845,LEFT,6.493149853656362,3.8018749726965666,0.8084903954251956,5.013113755035808,-2.2067435032474805
1332,44.40134708737864,LEFT,6.3401917459301265,3.764844619147283,0.8042328533029206,3.039399568926921,-0.26023270485482897
1333,44.434681432038836,LEFT,6.887678624558848,4.223963017890981,0.7311204454956339,2.935673504925114,-0.18318815952130763
1334,44.468015776699026,LEFT,6.311799633989303,3.1352154936357124,2.0169383349167163,3.039399449489922,0.2944513430044964
1335,44.50135012135922,LEFT,5.7610888173218475,2.6808399374234,1.4622544583401407,3.039399568926921,-0.26023270485482897
1336,44.534684466019414,LEFT,6.776910136289381,2.670104253892447,1.4622544005842144,4.085616941232471,-1.3064501870530734
1337,44.56801881067961,LEFT,6.220664471550104,4.475257127422424,0.4805684377373609,3.945186150783987,-1.6994435402487653
1338,44.60135315533981,LEFT,5.6384331601203455,3.3405037510629825,0.8084903635771923,3.4533163867170384,-0.6469462456927175
1339,44.6346875,LEFT,5.489581458874414,3.3281259646837498,0.8042328533020395,3.9793824526782045,-1.2002155886060848
1340,44.668021844660196,LEFT,5.761088817321404,3.3388615425064927,1.4247801483042792,3.0940580589171116,0.30565610020612155
1341,44.701356189320386,LEFT,6.2206642280488,3.794354458032302,0.7337583607674958,3.039399629279277,-0.26023282040918616
1342,44.73469053398058,LEFT,6.340191745930011,3.78779046474196,0.8084903954251956,3.9793824526782045,-1.1730122008899002
1343,44.76802487864077,LEFT,6.2206642277412465,3.7943544578418766,0.7070768974620876,2.960936193112331,-0.2084508476554987
1344,44.80135922330097,LEFT,6.071676957652161,2.2113331218112933,1.4772141915539692,4.04958170327138,-1.2704148391992476
1345,44.83469356796117,LEFT,6.179699786095729,3.787790464742244,0.7546055439127315,2.0273227005001964,0.7251626997684468
1346,44.86802791262136,LEFT,6.626986367802448,2.690511306764023,1.4312795839379078,2.511363267163078,0.26780359690897626
1347,44.901362257281555,LEFT,6.367711330515173,4.488702017583364,0.5023497537069375,3.9793824526782045,-1.7554212122926458
1348,44.934696601941745,LEFT,6.326106994908559,3.8018748242022866,0.8362311273702971,2.5113633651991223,0.32274754051098853
1349,44.96803094660194,LEFT,4.604239027463796,3.34050388303595,0.8362311599406382,3.0127875041833403,-0.1786764878768139
1350,45.00136529126213,LEFT,5.900170177342136,3.3961997209471235,0.7850053115465698,3.6084688525663444,-0.8020986007780664
1351,45.03469963592233,LEFT,5.771824395144326,3.3510718102777446,0.8362311599375971,2.5791475002834177,0.2549635160230821
1352,45.06803398058253,LEFT,7.125016348920066,1.2074182706101055e-05,3.3664606634558254,3.0940580589171116,0.2724026045126777
1353,45.10136832524272,LEFT,7.117952679253035,2.750372981102771,2.528726676423844,3.4238712449306794,0.5020364587532811
1354,45.134702669902914,LEFT,9.13055532243371,2.143149848904187,3.309964661934515,5.290081010740119,-1.2455952874029776
1355,45.168037014563104,LEFT,9.300171018206559,1.8387105314853613,5.737329079306022,3.6084688525663444,0.7485061532799193
1356,45.2013713592233,LEFT,12.468452400989467,1.5902453229998912,3.4194168098175908,3.039399568926921,1.046217211047903
1357,45.23470570388349,LEFT,18.30228644830077,1.6950798313667121,3.777286781061548,3.641185122619684,0.8434210533103226
1358,45.26804004854369,LEFT,21.357265440089463,0.192449147076303,6.076925728050185,2.792702309863611,2.6476298294586513
1359,45.301374393203886,LEFT,23.34758706046398,0.19270392258951574,5.22498164014678,3.039399568926921,1.5345216909738753
1360,45.33470873786408,LEFT,28.241584527193456,0.9162116316924482,6.129177949065365,3.674499389462138,1.0402552975017159
1361,45.368043082524274,LEFT,31.925534697438593,1.0454826778501456,8.001980291438002,4.763641690726178,1.6471983295062103
1362,45.401377427184464,LEFT,40.39551284302253,5.941061590649383,10.915193809473266,2.632434868986484,4.077401938770279
1363,45.43471177184466,LEFT,58.91657364650818,14.89406030485182,18.953324463482147,3.110840753787323,6.249349751101477
1364,45.46804611650485,LEFT,73.61962405800494,17.531337594447024,20.90462487282221,5.35582504285519,4.8356768071723195
1365,45.50138046116505,LEFT,89.04591529507191,23.403065892141512,28.0063945099011,5.527540327023731,6.8678661232571585
1366,45.534714805825246,LEFT,103.47396791273198,30.109440689237317,34.63384185906543,4.548042409125415,9.636251839145046
1367,45.568049150485436,LEFT,112.1887007875929,34.103847858861,39.96806577717254,5.13637849242773,10.387732504326152
1368,45.60138349514563,LEFT,117.07142127952734,36.22743922312509,43.965730150105145,5.505477857978346,12.313411056543984
1369,45.63471783980582,LEFT,126.23699366331552,42.21079979616522,51.593319778206734,5.640549271185358,15.302101828182742
1370,45.66805218446602,LEFT,131.70235273031014,48.731702262434595,59.464069780982854,11.040940180323732,12.78332040257122
1371,45.70138652912621,LEFT,138.41263069964842,55.20784371700928,66.60311389902003,10.24408744645863,15.48661815507198
1372,45.73472087378641,LEFT,139.17043682127846,64.03654880274239,75.94776399258622,18.22507560687904,10.385383357851794
1373,45.7680552184466,LEFT,143.1147289057055,68.94999529254166,81.67435121711108,21.037510468653238,9.92624679654051
1374,45.801389563106795,LEFT,143.5719627835859,71.33143302969044,85.30253117032032,20.22485838584073,11.780526270528938
1375,45.83472390776699,LEFT,146.90710833226294,75.48884053214772,89.89061919899494,23.106328039084186,11.33265974393997
1376,45.86805825242718,LEFT,150.2534827269836,80.25421175516573,95.50547633554027,26.565051839604166,9.904181758736726
1377,45.90139259708738,LEFT,151.54864437782047,83.51059100333269,99.46821083681482,27.75854196565826,9.646813068109964
1378,45.93472694174757,LEFT,154.1343252354064,86.38271352113483,102.48618394716571,29.248825619821346,10.133594614558447
1379,45.96806128640777,LEFT,153.23698788478316,89.64464948451607,106.61977718437632,32.27564431457763,7.450459728070314
1380,46.00139563106796,LEFT,152.09153907175494,91.21064989241744,110.84656667358954,31.15930534769124,10.082138027150933
1381,46.034729975728155,LEFT,153.52294457794,94.20640290119995,111.17384819564207,34.61114135424347,5.92170046163433
1382,46.06806432038835,LEFT,156.97992648450108,98.64826342583972,114.91651373431681,34.03212696963485,6.635559950610684
1383,46.10139866504854,LEFT,162.88584567378334,104.1015777944551,119.00533412746047,34.33021631926637,6.911228927910088
1384,46.13473300970874,LEFT,164.68898137200623,107.02538347366838,122.11336602487737,37.1042357884789,5.2532180039594465
1385,46.16806735436893,LEFT,162.53695019325878,108.06914329856414,122.75893228775581,33.377832036430426,7.416810961860705
1386,46.20140169902913,LEFT,161.65222138944884,108.1068448674939,124.03188369108898,33.5304696671331,7.53935478714115
1387,46.23473604368932,LEFT,162.05762719099744,112.00231367294792,127.80508236876334,35.475332028210005,6.021136327005323
1388,46.268070388349514,LEFT,161.50629725204945,114.37213806390405,132.05726506033906,33.986167109648584,7.4125547731277095
1389,46.30140473300971,LEFT,162.56869986271184,116.06126507187687,134.6495214013889,35.19390628329499,8.236739926166706
1390,46.3347390776699,LEFT,162.47671611662238,116.08020269334708,133.51627845606833,34.824489156956794,7.485740519892474
1391,46.3680734223301,LEFT,160.98793689117417,117.00812855901756,136.05426080579582,35.65532809790031,7.44815359889013
1392,46.40140776699029,LEFT,161.57224944072047,117.00303665773342,135.0707646155359,36.66563548264217,6.04375447471908
1393,46.434742111650486,LEFT,161.78051505846145,117.12507414335593,134.97170677943632,34.231854412187005,7.9057414599600975
1394,46.468076456310676,LEFT,160.74608939812074,118.2951522946791,138.72540229913585,35.590778049698926,7.6942923265584255
1395,46.50141080097087,LEFT,160.36279755380806,118.46582464199005,138.68334463903275,36.22923563585036,7.0137771862660685
1396,46.53474514563107,LEFT,160.31610173847923,119.00609211236528,139.9389737433715,35.858358704050815,8.100015748634291
1397,46.56807949029126,LEFT,159.02395960490426,118.89250191961239,139.97018195871658,34.57928864287764,9.353210561692094
1398,46.60141383495146,LEFT,161.8984162231017,118.40585198188079,138.331205671254,33.94358701975181,9.988913296507633
1399,46.63474817961165,LEFT,160.13004741406743,119.46637533016772,140.33036315287723,33.81824578980333,10.474434841652055
1400,46.668082524271846,LEFT,160.7601081013261,119.47002647680267,140.7355163461875,34.3396506838558,10.300004349334515
1401,46.701416868932036,LEFT,160.67488126074315,120.05848095315714,140.90228261725065,33.04341575685087,10.524488058984133
1402,46.73475121359223,LEFT,161.96993116705667,120.09336455615349,140.68096557754458,34.48395361545521,9.421355792691443
1403,46.76808555825243,LEFT,159.42860427052855,120.3602061068778,143.46556545789565,34.23185543889217,11.493368860166683
1404,46.80141990291262,LEFT,160.27030242472347,117.97641873580125,140.14276455788286,35.242036558652195,9.757963441347428
1405,46.83475424757282,LEFT,160.38941915292128,120.2342458238044,142.33437959689678,36.86989662322295,8.130104442007053
1406,46.86808859223301,LEFT,160.78771498208283,119.32896143814091,142.1934692274192,33.9435880403087,11.056410858106304
1407,46.901422936893205,LEFT,159.8250803264395,119.43195661363822,142.38604315126582,34.33965170546467,10.660348294534955
1408,46.934757281553395,LEFT,162.31560797343772,121.26765515077753,144.03281292550253,33.06184950549516,12.620210887677075
1409,46.96809162621359,LEFT,161.0996624811188,119.67163079809946,142.38604315126582,33.94358701975181,11.0564129802478
1410,47.00142597087378,LEFT,161.7474569648658,120.14368488027253,142.17657670926073,34.75591360668069,9.896842372061101
1411,47.03476031553398,LEFT,161.42600952775464,120.95799250911193,144.10650755566465,34.99202123345802,10.36832372858737
1412,47.06809466019418,LEFT,160.95377119479133,120.86320335844036,143.27589282707373,33.43986920578224,11.560130794217358
1413,47.10142900485437,LEFT,162.10745594355174,120.90796682490142,142.42208119923785,34.07719581214012,10.579719215208428
1414,47.134763349514564,LEFT,161.98601620724446,121.79833661985988,143.53698885640728,33.310631880360326,11.0153300717419
1415,47.168097694174755,LEFT,164.35157672950803,121.60646693962565,143.00766732984928,33.818246831938346,10.83866764172852
1416,47.20143203883495,LEFT,162.46155051272885,122.69019552812844,144.7132510249388,33.04341575685087,11.956584243148725
1417,47.23476638349514,LEFT,163.23245100353213,122.01316579487352,145.08792388529778,36.40408960813309,8.956255361410115
1418,47.26810072815534,LEFT,165.73219616520794,122.29396331275046,144.37706069430286,34.07719528013074,10.922804719868893
1419,47.301435072815536,LEFT,163.59217248253933,123.19226814880679,145.25552797049681,35.53767779197438,8.407917704503504
1420,47.33476941747573,LEFT,163.43088760974948,122.30837212023386,145.9388247581089,35.17472295785154,10.17678048202147
1421,47.368103762135924,LEFT,163.83790519600473,122.6479759924629,146.35078374883366,36.40408856307903,8.943154334006422
1422,47.401438106796114,LEFT,165.3444900738868,123.35266945371944,145.59255974363418,34.530826838293116,10.800357776704601
1423,47.43477245145631,LEFT,164.49479894652234,123.67099753849462,145.73889710090387,34.28687697720896,10.713123022790668
1424,47.4681067961165,LEFT,165.80532247209368,123.22792993022236,144.22392228210387,34.88604785420828,10.113952145791387
1425,47.5014411407767,LEFT,164.77118108594357,122.8737024329526,145.44095060368193,34.886047297712686,10.772496472767443
1426,47.534775485436896,LEFT,165.30926350940157,122.37554051066036,144.39722347667288,35.797401896292044,9.85365967632491
1427,47.568109830097086,LEFT,165.4213052180961,123.42481142571012,144.46232260104705,34.69515298678723,10.304847594886297
1428,47.60144417475728,LEFT,166.5708324565443,123.408842776332,144.23091618827095,34.667299484078214,10.667759734530549
1429,47.63477851941747,LEFT,166.09193506670906,123.6211467361043,145.4409494222477,34.28687807927467,11.371663914715612
1430,47.66811286407767,LEFT,166.17778344065053,123.5235490015493,144.79814076510317,34.15969454566943,11.491365834559673
1431,47.70144720873786,LEFT,166.17778331017064,123.04964293356134,144.33171764140292,34.508522434099895,11.150021336191145
1432,47.73478155339806,LEFT,166.30368687178785,123.12263061321228,144.75124785589492,34.886048407305694,11.119037008858797
1433,47.768115898058255,LEFT,164.83208914324692,123.26454417618238,145.31903353016384,33.06184844617779,12.955130742267457
1434,47.801450242718445,LEFT,164.8453561742935,123.29401982470867,145.57367998682906,34.695154064493,11.334000170458992
1435,47.83478458737864,LEFT,163.91147570235896,121.94975706121848,144.90625006441925,35.14867265719194,10.892954018817662
1436,47.86811893203883,LEFT,163.46156948028226,121.9620028836037,145.24018134512113,33.56274378109241,12.46641102321314
1437,47.90145327669903,LEFT,162.7447203286064,121.88115282506575,145.4941040138801,34.60567555163857,11.758251979963944
1438,47.93478762135922,LEFT,163.88997457591685,122.75558937311911,146.50115888305245,35.92294619907055,10.509149985093728
1439,47.96812196601942,LEFT,163.9091836511428,122.74311607920575,145.92487963900103,33.43986920578224,12.94048486766178
1440,48.001456310679615,LEFT,165.5088692708535,121.84882448035994,145.31258182439632,35.38543072909905,11.659977759787779
1441,48.034790655339805,LEFT,167.48143820326948,123.96114258495842,145.36782152269808,34.69515298805654,11.99949465978294
1442,48.068125,LEFT,165.65954592496368,123.3318828127575,146.5807371386093,34.91940201245768,11.79552818306847
1443,48.10145934466019,LEFT,166.30368674267808,122.03417831038809,144.35235676224954,34.88604785420828,11.808599214328467
1444,48.13479368932039,LEFT,165.7580994336267,123.43997925981296,146.3656621187131,34.43898930880361,11.577988721915148
1445,48.16812803398058,LEFT,164.71927996731247,122.90858255146938,146.7422778270954,33.56631873457333,12.462836069732234
1446,48.20146237864078,LEFT,165.5660198523263,122.88498234167531,145.8542531723879,35.858359776475105,10.196044727046385
1447,48.23479672330097,LEFT,167.58353681257802,122.68799572968797,146.20115052667884,38.04704253182609,8.777047300549697
1448,48.268131067961164,LEFT,164.30647000406066,122.85069015508597,148.29263082009203,35.263012786056585,11.515786411212872
1449,48.30146541262136,LEFT,166.26753983624874,122.28004778057672,145.6697828044951,36.12944414324086,9.912182532768753
1450,48.33479975728155,LEFT,166.66373829726382,123.32008111371866,147.26503693055614,35.106080399028144,10.94832296943116
1451,48.36813410194175,LEFT,166.6984636985461,123.234092861671,147.2226541517203,35.3266445675965,11.08777864380528
1452,48.40146844660194,LEFT,167.1005326163252,122.15673999816137,146.9474340971645,34.87532834460218,12.272257083695877
1453,48.434802791262136,LEFT,166.6984636985461,123.13898494414224,147.47011133269763,34.840944004153194,11.91604430575461
1454,48.468137135922326,LEFT,165.88223645747078,122.06643694217944,146.21427188026817,37.05652818940959,9.357895021992235
1455,48.501471480582524,LEFT,166.51613884216817,123.13898494414224,147.47011133269757,36.02737338510361,10.729614924804224
1456,48.53480582524272,LEFT,165.80441857719705,121.56791787011039,145.6254497522172,36.12944414324086,10.284979068160936
1457,48.56814016990291,LEFT,166.17093187064773,122.21546687691489,145.65731131579662,34.07719474918238,11.951960626779638
1458,48.60147451456311,LEFT,165.81771057272798,122.49827822304688,146.42792891108235,34.840944004153194,11.609272286779841
1459,48.6348088592233,LEFT,164.76647411656296,122.17357606333161,147.0627322068335,34.99202123025934,12.182721789488284
1460,48.668143203883496,LEFT,165.79182121490226,123.11078370425125,145.88077285552674,34.46081627137177,11.620107915288514
1461,48.701477548543686,LEFT,166.04700497259697,122.80489143402394,146.71207864795224,35.53767779197438,11.286412040401316
1462,48.73481189320388,LEFT,166.70324189198345,122.54902395221262,145.7435256455803,34.72464079510979,11.725576605095085
1463,48.76814623786408,LEFT,165.62368697325567,122.85605253094587,146.11043280128362,35.85835870889799,10.538823441398094
1464,48.80148058252427,LEFT,167.62262523595396,123.24560003634099,146.11043280344882,34.3396506550498,12.057531498492366
1465,48.83481492718447,LEFT,167.3784569851574,123.17634530039851,146.45154042420748,35.28120834084232,11.78882173717544
1466,48.86814927184466,LEFT,168.1737171180563,123.27751409802207,145.87489849887322,34.53082519133394,12.813307870670698
1467,48.901483616504855,LEFT,165.92879710828856,123.21598468067072,146.1958687421362,34.992019641352584,11.663467489802855
1468,48.934817961165045,LEFT,165.84183508055338,122.6081055665675,146.0623469231718,35.48746239772102,11.112562317426338
1469,48.96815230582524,LEFT,166.13447049375168,122.87841969739628,145.6152383672621,34.77783080446765,11.840264326981284
1470,49.00148665048544,LEFT,164.75622278841408,122.23640981812883,145.86578723929105,34.69515461174606,12.350252725688605
1471,49.03482099514563,LEFT,166.39694495193388,124.29477375063365,146.74227710859003,35.64702182324495,10.38213184859471
1472,49.06815533980583,LEFT,165.8563382607515,122.7399042423377,145.64342370408306,36.06043499684848,10.718365318825022
1473,49.10148968446602,LEFT,165.43595138428037,123.8024120477152,147.63906244062838,36.6823507558936,10.465234672404549
1474,49.134824029126214,LEFT,165.81576974805705,121.83214271975953,146.21315696840256,36.515678932886686,11.346725182330303
1475,49.168158373786405,LEFT,164.59590664691922,121.6064674333455,145.84030545432898,36.86989764584402,10.61965527615476
1476,49.2014927184466,LEFT,164.69702658230506,122.69241722342377,146.64029986431504,34.57928760320549,12.849985720294043
1477,49.2348270631068,LEFT,164.94773699979854,122.66058005435536,146.27485240424127,34.483952587959685,13.005601430718485
1478,49.26816140776699,LEFT,165.9096528847746,122.86995253376486,144.70832321867937,32.47119229084849,14.329968224873369
1479,49.301495752427186,LEFT,164.67018019257102,122.05886036754079,145.11559983883558,34.5085229876684,13.353882238442864
1480,49.33483009708738,LEFT,165.17460862372502,122.50363763772708,145.79671995641897,33.287528693079935,14.23329812450072
1481,49.368164441747574,LEFT,166.0627627493621,122.82583067752617,145.01026842871988,35.95242903611249,11.222313991717755
1482,49.401498786407764,LEFT,164.77540648292083,122.19170890608272,144.58864131303156,35.0737544933483,12.128843668417062
1483,49.43483313106796,LEFT,164.13165519456527,123.76619823691439,147.0096934599937,35.19390724010291,11.653703025891275
1484,49.46816747572815,LEFT,163.72613066529937,122.92616906504921,147.70130963388004,35.882137246204216,12.091593836275464
1485,49.50150182038835,LEFT,164.62977465281202,122.15664894754232,146.0281455288603,36.46923439005187,11.50449669242785
1486,49.534836165048546,LEFT,164.30957083171972,122.89338701920637,147.4778169902626,35.99149726143278,12.374962354073915
1487,49.568170509708736,LEFT,164.44378556927032,123.11290130924766,147.20944339581058,36.968343905516264,11.044443598666703
1488,49.60150485436893,LEFT,165.64847981678494,122.54095817594123,144.563322565022,36.559634724493364,10.336883578715558
1489,49.63483919902912,LEFT,162.58258172722182,123.23637698024604,146.50237399482944,36.76438165443205,10.18370233391957
1490,49.66817354368932,LEFT,162.81673941528564,124.02128137785016,147.0269916567064,36.86989862788214,10.052056310393823
1491,49.70150788834951,LEFT,164.32534449462278,123.85193122973845,146.4104872254462,34.562523715413434,12.006832086881843
1492,49.73484223300971,LEFT,161.73216312715115,122.71552290860016,145.84195726982384,36.14204027339461,10.427315540755316
1493,49.768176577669905,LEFT,163.82205102621535,119.47002301798705,142.30390923140658,37.082497934498946,9.86558606678146
1494,49.801510922330095,LEFT,163.28187550677578,123.3812393291727,146.03836192733567,34.86219614691487,12.085888859599663
1495,49.83484526699029,LEFT,163.2818755067758,123.93900772444852,145.817184644004,36.22494425552033,9.944195072386734
1496,49.86817961165048,LEFT,162.4961628206886,123.33013262528041,146.570000591043,38.246426961121315,8.675527975112587
1497,49.90151395631068,LEFT,163.7186513082666,122.7130228538458,145.27157859469423,35.599219958976164,10.970134845772435
1498,49.93484830097087,LEFT,163.78811378204378,124.39599918321636,146.67439183152322,36.65610744532018,9.913248371232555
1499,49.96818264563107,LEFT,163.3654816279701,122.78325697045463,145.83688291607768,38.06565109873044,8.856304860200652
1500,50.001516990291265,LEFT,166.10821670978106,124.01612585287859,146.34253165281373,36.142041236371654,11.089133371659202
1501,50.034851334951455,LEFT,164.07197522926631,123.29889039278945,146.04426615762196,34.95065141187513,11.896958854119063
1502,50.06818567961165,LEFT,163.97046112916277,122.27266493740426,146.0902458549058,36.559635723644774,10.700865146602837
1503,50.10152002427184,LEFT,162.0285708218198,122.09619527186825,146.63259533027016,36.469233384522866,10.79126957516462
1504,50.13485436893204,LEFT,164.30957057487228,122.89338746800479,146.73090584017706,36.098283967108,11.521264828286277
1505,50.16818871359223,LEFT,162.5542325325066,122.95267403578518,147.36468135576487,36.48601207024965,10.71658609151578
1506,50.20152305825243,LEFT,163.52200440100003,123.27984222429565,146.95875315943124,36.25383773744479,10.977336870586058
1507,50.234857402912624,LEFT,162.1140450511952,122.09652242009392,146.81620468702195,36.17362904577208,11.445919749622192
1508,50.268191747572814,LEFT,163.6630020616831,122.47707621896573,146.75293155696133,35.71995529019483,11.5706537241836
1509,50.30152609223301,LEFT,162.11404505119515,122.18341933372633,146.54405471640098,36.769024898809676,10.49147701233123
1510,50.3348604368932,LEFT,161.1368058825215,121.32033584051266,146.56912247055288,36.76438067579049,10.88981483761573
1511,50.3681947815534,LEFT,161.8922962403267,122.45031411461937,147.02628822198406,36.66563548264217,10.988560030764063
1512,50.40152912621359,LEFT,161.97133013932384,122.68384328356177,146.32328641593566,37.40535564402812,9.916175965569394
1513,50.434863470873786,LEFT,162.36633850718033,123.37156431165195,146.69104560404503,35.706691400602885,11.16505356468548
1514,50.46819781553398,LEFT,162.21820185533477,122.23263578074703,146.23645826382153,36.86989664925889,10.451634975276207
1515,50.501532160194174,LEFT,161.4747049372721,122.34949786635002,146.03836192733564,37.92107839538777,9.02700661112685
1516,50.53486650485437,LEFT,162.69796988909064,123.39741285449438,145.48428176189532,35.90972307917768,10.659631725570904
1517,50.56820084951456,LEFT,160.4828642827856,121.8677310913904,146.3588405112333,38.01151027001653,8.885008033192449
1518,50.60153519417476,LEFT,161.1087305245482,122.69135161125556,146.59932351668874,35.3112134396332,11.56053152565515
1519,50.63486953883495,LEFT,160.88253912063647,122.12550608433398,146.6910463100038,36.77327651281806,10.09846951695151
1520,50.668203883495146,LEFT,162.01328721492544,122.61449273119395,146.03677302652616,37.08249596842724,10.20811510696224
1521,50.70153822815534,LEFT,160.62833088108715,122.90419552559581,146.84118757275556,36.67434966957316,9.813517859254276
1522,50.73487257281553,LEFT,161.8991332605396,123.02101928276511,147.37339525508793,35.882136230082615,10.605732367154872
1523,50.76820691747573,LEFT,161.26308326027612,121.16310525519677,145.4597098916024,35.59468745913419,10.837409822242591
1524,50.80154126213592,LEFT,160.90996657220506,121.13089523154349,145.2624044272403,35.65532809790031,11.241190205308584
1525,50.83487560679612,LEFT,161.1368058825214,121.40716400592606,145.52928056477262,36.25383773744479,10.273687704767767
1526,50.86820995145631,LEFT,162.14315694613143,119.66807688553943,144.0999496060266,36.02737433934748,10.947558670876234
1527,50.901544296116505,LEFT,162.8527244845514,121.89721005873696,145.0781873606694,36.142041236371654,10.80604377014292
1528,50.934878640776695,LEFT,160.98042095014873,121.04700457687329,145.45001325837248,37.40535760127211,9.163996200012335
1529,50.96821298543689,LEFT,161.9935094257943,122.06909973393816,144.87343287079278,35.406864809969434,10.400065626579263
1530,51.00154733009709,LEFT,160.42950062421681,119.91225536276792,145.802757697584,35.90972307917768,11.509786137478244
1531,51.03488167475728,LEFT,159.55745248440536,120.11696126408415,144.59721940065089,35.599219958976164,10.948937740001398
1532,51.06821601941748,LEFT,162.8418630967621,121.20832376019624,144.9312628698768,32.88123966527481,13.91992085044707
1533,51.10155036407767,LEFT,160.78443328691964,120.57399533675488,144.20914187322222,32.31961650818018,14.149184206205149
1534,51.134884708737864,LEFT,162.93384642262933,120.75439459514025,144.77921265378802,37.92107737152959,9.733119193279421
1535,51.168219053398055,LEFT,161.06005307760338,120.85942241290499,145.8522969296743,36.02737239780497,11.29415922640716
1536,51.20155339805825,LEFT,162.03744356188201,121.20051508472666,144.6870392746969,35.24203557183729,11.629710438181604
1537,51.23488774271845,LEFT,161.9079737563856,120.66340488443822,144.86612794503202,35.41705625931521,11.479461005651075
1538,51.26822208737864,LEFT,159.81820930001442,121.60125815521887,146.65854580758742,37.184706453233126,10.201237577155311
1539,51.301556432038836,LEFT,158.87062620985586,120.86309735363832,145.8831922823455,37.08249696517166,9.920036166654867
1540,51.33489077669903,LEFT,159.83712557001374,121.07903919286667,145.5160456612848,36.977597322737644,10.40834570176466
1541,51.368225121359224,LEFT,162.54892915354495,121.8848578683747,144.05024098427114,37.77568430595466,8.793670498793986
1542,51.401559466019414,LEFT,162.69321412411355,122.45303387031586,145.02399643981954,38.06565011855218,8.9092848995422
1543,51.43489381067961,LEFT,161.8688858105587,122.17549543881711,144.91769540083476,36.544972322822545,10.403112683692015
1544,51.46822815533981,LEFT,160.28286571410337,121.00311342896919,145.76919251131653,37.199812115818304,10.186131914570154
1545,51.5015625,LEFT,160.3172854232239,121.01073953057309,145.5160463845432,36.10745129175187,11.27849273863653
1546,51.534896844660196,LEFT,160.8872513004904,119.68020700260402,142.68984567204993,38.246424970877804,8.675532007609448
1547,51.568231189320386,LEFT,159.87346075782818,121.03088016796536,145.67715780082713,36.339396329170214,10.63553768171137
1548,51.60156553398058,LEFT,161.32389680717318,121.69036393051277,146.10249791655596,36.25383773744479,10.668118221486267
1549,51.63489987864077,LEFT,160.91110928007694,121.04087105096377,144.6950847038396,34.380343730556774,12.107524862507091
1550,51.66823422330097,LEFT,160.9111098748383,120.5004579588784,144.53854844487563,35.41705628388607,11.454687617143378
1551,51.70156856796117,LEFT,161.30745578955253,120.86244866234884,145.40981380934147,32.85572292555127,14.346874169562255
1552,51.73490291262136,LEFT,162.7127441986812,121.55298012233325,144.50463073731365,31.79891282429442,14.651303466638481
1553,51.768237257281555,LEFT,161.30745548898156,120.86244912059735,145.0313062442927,33.690067525979785,13.134022306395835
1554,51.801571601941745,LEFT,160.73268780517347,120.94103018782778,145.13340805200846,33.69006653898121,13.157544794038387
1555,51.83490594660194,LEFT,160.84644198032254,121.04087012760577,145.05482591377492,33.69006851202642,13.157540687971292
1556,51.86824029126213,LEFT,162.0374438375154,120.64846579779773,143.75111226941084,33.97654403625686,12.511323492570455
1557,51.90157463592233,LEFT,159.76815391109977,119.83597590223938,144.76093715010794,36.86989863586513,9.67825803334604
1558,51.93490898058253,LEFT,158.53027364868618,121.23284818080751,146.09741630192795,35.735476947107024,11.295436309008494
1559,51.96824332524272,LEFT,158.56608097544228,120.81628753162786,144.21197754677746,36.19320638880329,10.06124619481001
1560,52.001577669902915,LEFT,156.99369862092502,120.66328271120281,143.97403754250234,34.60567452334754,11.844542866075344
1561,52.034912014563105,LEFT,156.55496282383024,122.18642435976602,144.09267714617704,34.08887161571662,10.541483322435994
1562,52.0682463592233,LEFT,157.29324049066287,119.71435552447632,140.65813045348207,35.326645655098766,8.991292799467445
1563,52.10158070388349,LEFT,157.40566229687536,119.0379678964168,139.6271582477049,34.28687586170176,9.731008172694771
1564,52.13491504854369,LEFT,157.09103498098816,120.1812844288157,138.24908868371176,32.88475707066202,9.90048903407451
1565,52.16824939320388,LEFT,158.80796717272318,121.1115658397564,136.99814017314185,31.175701060616646,11.097987310665786
1566,52.20158373786408,LEFT,159.20675465580894,121.26053087370593,135.4476152577173,31.742760023027248,9.890780568089752
1567,52.234918082524274,LEFT,158.9600559294563,118.13017650177268,131.81409311643904,32.650802296595565,8.00595775171476
1568,52.268252427184464,LEFT,159.45443795283444,116.49704304709451,128.4342981933344,33.95905981967627,6.246708113692918
1569,52.30158677184466,LEFT,160.50284078445225,116.88997650009892,127.27721630872959,31.293038995920195,9.417807675260462
1570,52.33492111650485,LEFT,161.8411602326705,115.12130760399994,123.72859864290959,33.83511982245141,5.902484777953262
1571,52.36825546116505,LEFT,159.16802264701334,114.38181187689501,121.66998615073582,31.701429669505718,6.8797836002552515
1572,52.40158980582524,LEFT,152.9193231113281,111.14561308959283,118.78080129088067,30.808902946623537,6.337784303253244
1573,52.434924150485436,LEFT,158.81690900762416,111.56849872430348,116.49553478194048,30.291695144277575,7.067899153437011
1574,52.46825849514563,LEFT,154.62058120708886,106.87397540355892,111.96811358410338,28.647616456808873,7.7564721062698965
1575,52.501592839805824,LEFT,135.45312011583258,103.3265675479302,108.93190962909216,27.072081366660203,8.731261420284582
1576,52.53492718446602,LEFT,81.8504854669442,101.11957916276742,106.48653008598798,27.20699323326621,7.579034472840334
1577,52.56826152912621,LEFT,94.19378692604748,95.76829686298022,102.60909601464859,27.675910460029026,6.409976534159995
1578,52.60159587378641,LEFT,41.886480054091344,92.30389700953661,100.10028787115289,25.259391642794455,7.9191186837650065
1579,52.6349302184466,LEFT,24.065631580568084,88.86765160705487,94.93819056000103,23.39447275736152,8.531608384387823
1580,52.668264563106796,LEFT,4.7636415393395835,85.18185780258652,89.37952605129063,22.297158840302576,8.465559487585011
1581,52.70159890776699,LEFT,2.1908520766241666,82.33952703446245,84.95126514972046,22.087170638835474,6.554160759377922
1582,52.73493325242718,LEFT,2.897064097881871,77.83189897129196,77.63262516940502,18.935335089259542,7.9866956134460025
1583,52.76826759708738,LEFT,6.846092335932097,73.95454153272327,71.26804461279306,16.2273610435155,8.216593736900748
1584,52.80160194174757,LEFT,6.654073906550441,72.48480401929163,66.65763360732485,14.036243467926479,7.9910352012445856
1585,52.83493628640777,LEFT,7.997473471820763,67.96377305985507,60.36912969126382,12.064884410525424,6.905523397960891
1586,52.86827063106796,LEFT,10.095268258267614,63.68684932462155,56.2655878661032,8.777816998637952,7.682198511582413
1587,52.901604975728155,LEFT,12.565348639388345,58.336679158484046,48.06837301461701,7.565320745589148,6.470923304383405
1588,52.93493932038835,LEFT,14.125581929077669,49.95053573221887,42.0734175141568,4.911788172505994,7.334544687174144
1589,52.96827366504854,LEFT,20.996630660400943,37.523447587118454,29.33997026988675,3.576334451985637,6.532963826818872
1590,53.00160800970874,LEFT,20.038913674532203,36.48677987022006,28.00545390632513,4.085616779974877,4.6605454825801615
1591,53.03494235436893,LEFT,22.730789334198985,28.016638114861166,20.666504377650796,3.576334374997351,3.2126401994413243
1592,53.06827669902913,LEFT,22.497639597440234,21.63156950198359,15.277278486014637,3.1302449952055253,2.5803479008064443
1593,53.10161104368932,LEFT,22.059885591405195,18.03251518725412,11.866260476577963,2.7048758706645772,2.1803269045812073
1594,53.134945388349514,LEFT,18.199165053052422,14.706077869947478,9.823463214916586,3.576334374997351,-0.09306290599967326
1595,53.16827973300971,LEFT,13.45239784794088,17.556428295462894,9.984847927425989,3.576334374997351,-1.5490116744970948
1596,53.2016140776699,LEFT,11.314646494769006,13.898395149408742,6.256250730929253,3.2052159310134973,-2.659558337597673
1597,53.2349484223301,LEFT,8.160369690627448,14.582137668222373,5.614658273372868,2.792702307010089,-3.3332125055196116
1598,53.26828276699029,LEFT,8.591225262973373,10.228101091029941,3.3524505043979502,3.283862357446355,-3.819321331647501
1599,53.301617111650486,LEFT,3.362262247746756,9.987969521161403,2.8367288113181814,2.815556684211228,-3.866737433754807
1600,53.33495145631068,LEFT,1.6503768493068731,9.752219338494797,2.0064952225511945,5.806727146553151,-7.927823454648518
1601,53.368285800970874,LEFT,0.2825803969929991,6.863567579120939,1.5152305144691525,5.110417453890904,-6.672642403643238
1602,53.401620145631064,LEFT,2.148641750050964,7.1318557022374875,2.2518498228336057,5.281240850216864,-6.843465701117097
1603,53.43495449029126,LEFT,4.780163065138636,5.6345105050799305,1.5389545077462685,5.572197687444382,-7.178200710504214
1604,53.46828883495146,LEFT,4.735295487921183,6.390046664392628,2.2793478287705398,4.84400037508068,-6.465146288733806
1605,53.50162317961165,LEFT,3.646510646335212,6.489990877720061,2.368636271772999,5.370994473795312,-6.947544594416129
1606,53.534957524271846,LEFT,3.466270641934436,4.591076698757803,2.246480008867991,4.474896598278048,-5.555820762622574
1607,53.568291868932036,LEFT,2.393873001509095,5.283079984694098,2.9099889118017472,4.398705354995532,-5.479629541655996
1608,53.60162621359223,LEFT,2.5550571787722545,6.325133392951045,3.8880347926060495,3.9115718125286625,-4.962752562072211
1609,53.63496055825242,LEFT,0.1630805267724075,5.517135979002319,2.5789131358729662,4.803485759069079,-6.40948874835108
1610,53.66829490291262,LEFT,1.550361916944686,4.560675475155136,1.9531471812213965,4.014175849017785,-5.682513233296959
1611,53.70162924757282,LEFT,3.8395963379883753,4.413370258586809,2.3981086805722214,0.9963478965049255,-2.0875641217674428
1612,53.73496359223301,LEFT,8.306700797481142,5.344104837558433,3.4504027728974904,0.0,-0.5405101653658306
1613,53.768297936893205,LEFT,9.146454066888213,5.514877321849639,4.117892601727391,-1.0708244547869634,0.5353654692223984
1614,53.801632281553395,LEFT,12.573332396068674,5.021380780001664,4.6000958581888085,-1.0708244099327289,1.0708244099326691
1615,53.83496662621359,LEFT,14.463815395522552,2.7522574987094117,2.0886138079260945,-2.2025982534040742,1.1113820735747737
1616,53.86830097087378,LEFT,17.44624089854998,0.06368372180082815,1.2947400894872203,-3.468229398903712,2.895290724400354
1617,53.90163531553398,LEFT,19.411792482667842,0.28769786022559174,1.4596596652340281,-2.3613745653481164,1.7996692106768108
1618,53.93496966019418,LEFT,21.34806656912351,0.9672460052732674,0.1529073081064496,-3.110840715280223,1.9764191068741468
1619,53.96830400485437,LEFT,22.674087213488434,1.3295321287603485,0.7221260117227644,-2.6324349754865337,2.081531018585679
1620,54.001638349514565,LEFT,22.52593376904999,2.166276586370458,0.7402473401361647,8.530765609948133,-9.092470942513941
1621,54.034972694174755,LEFT,22.25638626055755,0.6493833979712349,2.7010416211781205,12.994616791916505,-13.545520771134093
1622,54.06830703883495,LEFT,23.451336637715226,0.25274527727657414,3.2154841175474758,10.619654869366778,-10.619654869366002
1623,54.10164138349514,LEFT,22.582530605253133,1.511696090406133,3.2519456003907123,11.129189289611187,-11.129189289610338
1624,54.13497572815534,LEFT,22.655473178409945,0.7019120984731728,4.6751817381987735,14.99507858440524,-14.45456837671179
1625,54.16831007281554,FRONT,,,,,
1626,54.20164441747573,FRONT,,,,,
1627,54.234978762135924,FRONT,,,,,
1628,54.268313106796114,FRONT,,,,,
1629,54.30164745145631,FRONT,,,,,
1630,54.3349817961165,FRONT,,,,,
1631,54.3683161407767,FRONT,,,,,
1632,54.401650485436896,FRONT,,,,,
1633,54.434984830097086,FRONT,,,,,
1634,54.46831917475728,FRONT,,,,,
1635,54.501653519417474,FRONT,,,,,
1636,54.53498786407767,FRONT,,,,,
1637,54.56832220873786,FRONT,,,,,
1638,54.60165655339806,FRONT,,,,,
1639,54.63499089805825,FRONT,,,,,
1640,54.668325242718446,FRONT,,,,,
1641,54.70165958737864,FRONT,,,,,
1642,54.73499393203883,FRONT,,,,,
1643,54.76832827669903,FRONT,,,,,
1644,54.80166262135922,FRONT,,,,,
1645,54.83499696601942,FRONT,,,,,
1646,54.86833131067961,FRONT,,,,,
1647,54.901665655339805,FRONT,,,,,
1648,54.935,FRONT,,,,,
